Driver,Day,Tour_Instance_ID,Start,End,Hours,Block_ID,Block_Type
D001,Mon,14,04:45,09:15,4.50,B2S-T14,2er-split
D001,Mon,202,15:15,19:45,4.50,B2S-T14,2er-split
D001,Tue,320,08:15,12:45,4.50,B1-T320,1er
D001,Wed,572,13:00,17:30,4.50,B1-T572,1er
D001,Thu,796,15:15,19:45,4.50,B1-T796,1er
D001,Fri,922,08:15,12:45,4.50,B3-T922,3er
D001,Fri,1028,13:15,17:45,4.50,B3-T922,3er
D001,Fri,1141,18:30,23:00,4.50,B3-T922,3er
D001,Sat,1333,14:45,19:15,4.50,B1-T1333,1er
D002,Mon,16,05:00,09:30,4.50,B3-T16,3er
D002,Mon,125,10:30,15:00,4.50,B3-T16,3er
D002,Mon,210,15:30,20:00,4.50,B3-T16,3er
D002,Tue,321,08:15,12:45,4.50,B1-T321,1er
D002,Wed,482,05:30,10:00,4.50,B1-T482,1er
D002,Thu,707,08:15,12:45,4.50,B1-T707,1er
D002,Fri,950,08:45,13:15,4.50,B1-T950,1er
D002,Sat,1145,05:00,09:30,4.50,B3-T1145,3er
D002,Sat,1264,10:00,14:30,4.50,B3-T1145,3er
D002,Sat,1339,15:00,19:30,4.50,B3-T1145,3er
D003,Mon,18,05:00,09:30,4.50,B3-T18,3er
D003,Mon,124,10:30,15:00,4.50,B3-T18,3er
D003,Mon,213,15:45,20:15,4.50,B3-T18,3er
D003,Tue,319,08:15,12:45,4.50,B1-T319,1er
D003,Wed,514,08:30,13:00,4.50,B1-T514,1er
D003,Thu,675,05:30,10:00,4.50,B1-T675,1er
D003,Fri,951,08:45,13:15,4.50,B1-T951,1er
D003,Sat,1148,05:00,09:30,4.50,B3-T1148,3er
D003,Sat,1271,10:15,14:45,4.50,B3-T1148,3er
D003,Sat,1350,15:30,20:00,4.50,B3-T1148,3er
D004,Mon,23,05:00,09:30,4.50,B1-T23,1er
D004,Tue,311,07:45,12:15,4.50,B3-T311,3er
D004,Tue,378,13:15,17:45,4.50,B3-T311,3er
D004,Tue,458,18:15,22:45,4.50,B3-T311,3er
D004,Wed,585,14:30,19:00,4.50,B1-T585,1er
D004,Fri,952,08:45,13:15,4.50,B1-T952,1er
D004,Sat,1147,05:00,09:30,4.50,B3-T1147,3er
D004,Sat,1263,10:00,14:30,4.50,B3-T1147,3er
D004,Sat,1336,15:00,19:30,4.50,B3-T1147,3er
D005,Mon,69,07:15,11:45,4.50,B3-T69,3er
D005,Mon,154,12:30,17:00,4.50,B3-T69,3er
D005,Mon,245,18:00,22:30,4.50,B3-T69,3er
D005,Tue,398,14:30,19:00,4.50,B1-T398,1er
D005,Wed,523,08:30,13:00,4.50,B1-T523,1er
D005,Thu,782,14:30,19:00,4.50,B1-T782,1er
D005,Fri,955,09:30,14:00,4.50,B2R-T955,2er-reg
D005,Fri,1048,14:45,19:15,4.50,B2R-T955,2er-reg
D005,Sat,1186,06:15,10:45,4.50,B1-T1186,1er
D006,Mon,37,05:15,09:45,4.50,B1-T37,1er
D006,Tue,457,18:00,22:30,4.50,B1-T457,1er
D006,Wed,596,14:45,19:15,4.50,B1-T596,1er
D006,Thu,718,08:30,13:00,4.50,B1-T718,1er
D006,Fri,946,08:45,13:15,4.50,B2R-T946,2er-reg
D006,Fri,1038,14:15,18:45,4.50,B2R-T946,2er-reg
D006,Sat,1175,06:00,10:30,4.50,B3-T1175,3er
D006,Sat,1281,11:30,16:00,4.50,B3-T1175,3er
D006,Sat,1380,16:45,21:15,4.50,B3-T1175,3er
D007,Mon,38,05:15,09:45,4.50,B1-T38,1er
D007,Tue,332,08:45,13:15,4.50,B2R-T332,2er-reg
D007,Tue,386,14:15,18:45,4.50,B2R-T332,2er-reg
D007,Wed,649,17:45,22:15,4.50,B1-T649,1er
D007,Thu,747,11:45,16:15,4.50,B2R-T747,2er-reg
D007,Thu,818,17:00,21:30,4.50,B2R-T747,2er-reg
D007,Fri,1052,14:45,19:15,4.50,B1-T1052,1er
D007,Sat,1184,06:15,10:45,4.50,B2S-T1184,2er-split
D007,Sat,1382,16:45,21:15,4.50,B2S-T1184,2er-split
D008,Mon,24,05:00,09:30,4.50,B1-T24,1er
D008,Tue,440,17:30,22:00,4.50,B1-T440,1er
D008,Wed,641,17:45,22:15,4.50,B1-T641,1er
D008,Thu,781,14:30,19:00,4.50,B1-T781,1er
D008,Fri,947,08:45,13:15,4.50,B2R-T947,2er-reg
D008,Fri,1032,14:15,18:45,4.50,B2R-T947,2er-reg
D008,Sat,1183,06:15,10:45,4.50,B3-T1183,3er
D008,Sat,1285,11:45,16:15,4.50,B3-T1183,3er
D008,Sat,1378,16:45,21:15,4.50,B3-T1183,3er
D009,Tue,323,08:30,13:00,4.50,B2R-T323,2er-reg
D009,Tue,381,14:00,18:30,4.50,B2R-T323,2er-reg
D009,Wed,478,05:30,10:00,4.50,B2R-T478,2er-reg
D009,Wed,552,10:30,15:00,4.50,B2R-T478,2er-reg
D009,Thu,709,08:15,12:45,4.50,B1-T709,1er
D009,Fri,1055,14:45,19:15,4.50,B1-T1055,1er
D009,Sat,1181,06:15,10:45,4.50,B3-T1181,3er
D009,Sat,1282,11:45,16:15,4.50,B3-T1181,3er
D009,Sat,1379,16:45,21:15,4.50,B3-T1181,3er
D010,Mon,33,05:15,09:45,4.50,B1-T33,1er
D010,Tue,316,08:15,12:45,4.50,B1-T316,1er
D010,Wed,535,10:15,14:45,4.50,B1-T535,1er
D010,Thu,721,08:30,13:00,4.50,B1-T721,1er
D010,Fri,954,09:00,13:30,4.50,B2R-T954,2er-reg
D010,Fri,1042,14:30,19:00,4.50,B2R-T954,2er-reg
D010,Sat,1180,06:15,10:45,4.50,B3-T1180,3er
D010,Sat,1284,11:45,16:15,4.50,B3-T1180,3er
D010,Sat,1381,16:45,21:15,4.50,B3-T1180,3er
D011,Mon,40,05:15,09:45,4.50,B1-T40,1er
D011,Tue,315,08:15,12:45,4.50,B2R-T315,2er-reg
D011,Tue,379,13:45,18:15,4.50,B2R-T315,2er-reg
D011,Wed,515,08:30,13:00,4.50,B1-T515,1er
D011,Thu,711,08:30,13:00,4.50,B2R-T711,2er-reg
D011,Thu,772,14:00,18:30,4.50,B2R-T711,2er-reg
D011,Fri,1057,14:45,19:15,4.50,B1-T1057,1er
D011,Sat,1205,07:00,11:30,4.50,B2R-T1205,2er-reg
D011,Sat,1294,12:00,16:30,4.50,B2R-T1205,2er-reg
D012,Mon,48,05:30,10:00,4.50,B1-T48,1er
D012,Tue,326,08:30,13:00,4.50,B2R-T326,2er-reg
D012,Tue,384,14:00,18:30,4.50,B2R-T326,2er-reg
D012,Wed,511,08:15,12:45,4.50,B1-T511,1er
D012,Thu,785,14:45,19:15,4.50,B1-T785,1er
D012,Fri,957,10:00,14:30,4.50,B2R-T957,2er-reg
D012,Fri,1061,15:00,19:30,4.50,B2R-T957,2er-reg
D012,Sat,1203,07:00,11:30,4.50,B2R-T1203,2er-reg
D012,Sat,1298,12:15,16:45,4.50,B2R-T1203,2er-reg
D013,Mon,49,05:30,10:00,4.50,B1-T49,1er
D013,Tue,328,08:30,13:00,4.50,B1-T328,1er
D013,Wed,573,13:00,17:30,4.50,B1-T573,1er
D013,Thu,708,08:15,12:45,4.50,B1-T708,1er
D013,Fri,872,05:15,09:45,4.50,B3-T872,3er
D013,Fri,964,10:15,14:45,4.50,B3-T872,3er
D013,Fri,1065,15:15,19:45,4.50,B3-T872,3er
D013,Sat,1199,06:45,11:15,4.50,B2R-T1199,2er-reg
D013,Sat,1299,12:15,16:45,4.50,B2R-T1199,2er-reg
D014,Mon,74,07:45,12:15,4.50,B3-T74,3er
D014,Mon,160,13:00,17:30,4.50,B3-T74,3er
D014,Mon,248,18:15,22:45,4.50,B3-T74,3er
D014,Tue,456,18:00,22:30,4.50,B1-T456,1er
D014,Wed,538,10:15,14:45,4.50,B1-T538,1er
D014,Thu,681,05:45,10:15,4.50,B1-T681,1er
D014,Fri,1010,12:45,17:15,4.50,B2R-T1010,2er-reg
D014,Fri,1116,17:45,22:15,4.50,B2R-T1010,2er-reg
D014,Sat,1255,09:15,13:45,4.50,B2R-T1255,2er-reg
D014,Sat,1334,14:45,19:15,4.50,B2R-T1255,2er-reg
D015,Mon,77,07:45,12:15,4.50,B3-T77,3er
D015,Mon,162,13:15,17:45,4.50,B3-T77,3er
D015,Mon,259,18:30,23:00,4.50,B3-T77,3er
D015,Tue,455,18:00,22:30,4.50,B1-T455,1er
D015,Wed,642,17:45,22:15,4.50,B1-T642,1er
D015,Thu,827,17:30,22:00,4.50,B1-T827,1er
D015,Fri,1012,12:45,17:15,4.50,B2R-T1012,2er-reg
D015,Fri,1137,18:15,22:45,4.50,B2R-T1012,2er-reg
D015,Sat,1260,10:00,14:30,4.50,B2R-T1260,2er-reg
D015,Sat,1348,15:30,20:00,4.50,B2R-T1260,2er-reg
D016,Mon,66,06:45,11:15,4.50,B3-T66,3er
D016,Mon,148,12:00,16:30,4.50,B3-T66,3er
D016,Mon,236,17:30,22:00,4.50,B3-T66,3er
D016,Tue,452,18:00,22:30,4.50,B1-T452,1er
D016,Wed,589,14:45,19:15,4.50,B1-T589,1er
D016,Thu,826,17:30,22:00,4.50,B1-T826,1er
D016,Fri,1127,18:00,22:30,4.50,B1-T1127,1er
D016,Sat,1258,09:45,14:15,4.50,B2R-T1258,2er-reg
D016,Sat,1332,14:45,19:15,4.50,B2R-T1258,2er-reg
D017,Mon,68,07:00,11:30,4.50,B3-T68,3er
D017,Mon,155,12:30,17:00,4.50,B3-T68,3er
D017,Mon,242,18:00,22:30,4.50,B3-T68,3er
D017,Tue,399,14:30,19:00,4.50,B1-T399,1er
D017,Wed,526,08:30,13:00,4.50,B1-T526,1er
D017,Thu,678,05:45,10:15,4.50,B1-T678,1er
D017,Fri,1128,18:00,22:30,4.50,B1-T1128,1er
D017,Sat,1257,09:45,14:15,4.50,B2R-T1257,2er-reg
D017,Sat,1346,15:15,19:45,4.50,B2R-T1257,2er-reg
D018,Mon,73,07:30,12:00,4.50,B3-T73,3er
D018,Mon,156,12:45,17:15,4.50,B3-T73,3er
D018,Mon,244,18:00,22:30,4.50,B3-T73,3er
D018,Tue,409,15:00,19:30,4.50,B1-T409,1er
D018,Wed,529,08:45,13:15,4.50,B1-T529,1er
D018,Thu,727,08:45,13:15,4.50,B2R-T727,2er-reg
D018,Thu,777,14:15,18:45,4.50,B2R-T727,2er-reg
D018,Fri,1132,18:00,22:30,4.50,B1-T1132,1er
D018,Sat,1341,15:15,19:45,4.50,B1-T1341,1er
D019,Mon,81,08:00,12:30,4.50,B3-T81,3er
D019,Mon,165,13:30,18:00,4.50,B3-T81,3er
D019,Mon,256,18:30,23:00,4.50,B3-T81,3er
D019,Tue,396,14:30,19:00,4.50,B1-T396,1er
D019,Wed,570,13:00,17:30,4.50,B2R-T570,2er-reg
D019,Wed,654,18:00,22:30,4.50,B2R-T570,2er-reg
D019,Thu,784,14:30,19:00,4.50,B1-T784,1er
D019,Fri,1136,18:15,22:45,4.50,B1-T1136,1er
D019,Sat,1347,15:30,20:00,4.50,B1-T1347,1er
D020,Mon,1,04:45,09:15,4.50,B3-T1,3er
D020,Mon,122,10:15,14:45,4.50,B3-T1,3er
D020,Mon,209,15:30,20:00,4.50,B3-T1,3er
D020,Wed,491,05:45,10:15,4.50,B1-T491,1er
D020,Fri,864,05:15,09:45,4.50,B3-T864,3er
D020,Fri,986,10:45,15:15,4.50,B3-T864,3er
D020,Fri,1082,16:00,20:30,4.50,B3-T864,3er
D020,Sat,1213,07:30,12:00,4.50,B2R-T1213,2er-reg
D020,Sat,1308,12:45,17:15,4.50,B2R-T1213,2er-reg
D021,Mon,2,04:45,09:15,4.50,B3-T2,3er
D021,Mon,117,09:45,14:15,4.50,B3-T2,3er
D021,Mon,188,14:45,19:15,4.50,B3-T2,3er
D021,Tue,313,08:00,12:30,4.50,B1-T313,1er
D021,Wed,470,05:15,09:45,4.50,B3-T470,3er
D021,Wed,544,10:30,15:00,4.50,B3-T470,3er
D021,Wed,616,16:00,20:30,4.50,B3-T470,3er
D021,Thu,791,15:00,19:30,4.50,B1-T791,1er
D021,Fri,928,08:15,12:45,4.50,B1-T928,1er
D022,Mon,89,08:15,12:45,4.50,B1-T89,1er
D022,Tue,318,08:15,12:45,4.50,B1-T318,1er
D022,Wed,487,05:45,10:15,4.50,B2S-T487,2er-split
D022,Wed,621,16:15,20:45,4.50,B2S-T487,2er-split
D022,Fri,850,04:45,09:15,4.50,B3-T850,3er
D022,Fri,966,10:15,14:45,4.50,B3-T850,3er
D022,Fri,1072,15:30,20:00,4.50,B3-T850,3er
D022,Sat,1216,07:30,12:00,4.50,B2R-T1216,2er-reg
D022,Sat,1304,12:30,17:00,4.50,B2R-T1216,2er-reg
D023,Mon,4,04:45,09:15,4.50,B3-T4,3er
D023,Mon,121,10:15,14:45,4.50,B3-T4,3er
D023,Mon,197,15:15,19:45,4.50,B3-T4,3er
D023,Tue,324,08:30,13:00,4.50,B2R-T324,2er-reg
D023,Tue,382,14:00,18:30,4.50,B2R-T324,2er-reg
D023,Thu,705,08:15,12:45,4.50,B1-T705,1er
D023,Fri,873,05:15,09:45,4.50,B3-T873,3er
D023,Fri,984,10:45,15:15,4.50,B3-T873,3er
D023,Fri,1084,16:15,20:45,4.50,B3-T873,3er
D024,Mon,15,04:45,09:15,4.50,B2S-T15,2er-split
D024,Mon,200,15:15,19:45,4.50,B2S-T15,2er-split
D024,Wed,485,05:30,10:00,4.50,B1-T485,1er
D024,Thu,683,05:45,10:15,4.50,B1-T683,1er
D024,Fri,904,07:00,11:30,4.50,B3-T904,3er
D024,Fri,998,12:00,16:30,4.50,B3-T904,3er
D024,Fri,1110,17:30,22:00,4.50,B3-T904,3er
D024,Sat,1247,09:00,13:30,4.50,B2R-T1247,2er-reg
D024,Sat,1318,14:15,18:45,4.50,B2R-T1247,2er-reg
D025,Mon,6,04:45,09:15,4.50,B3-T6,3er
D025,Mon,118,10:00,14:30,4.50,B3-T6,3er
D025,Mon,204,15:30,20:00,4.50,B3-T6,3er
D025,Tue,425,16:45,21:15,4.50,B1-T425,1er
D025,Wed,604,15:00,19:30,4.50,B1-T604,1er
D025,Fri,865,05:15,09:45,4.50,B3-T865,3er
D025,Fri,982,10:45,15:15,4.50,B3-T865,3er
D025,Fri,1086,16:15,20:45,4.50,B3-T865,3er
D025,Sat,1227,07:45,12:15,4.50,B1-T1227,1er
D026,Mon,7,04:45,09:15,4.50,B3-T7,3er
D026,Mon,113,09:45,14:15,4.50,B3-T7,3er
D026,Mon,196,15:15,19:45,4.50,B3-T7,3er
D026,Thu,787,14:45,19:15,4.50,B1-T787,1er
D026,Fri,902,07:00,11:30,4.50,B3-T902,3er
D026,Fri,1001,12:00,16:30,4.50,B3-T902,3er
D026,Fri,1113,17:30,22:00,4.50,B3-T902,3er
D026,Sat,1248,09:00,13:30,4.50,B2R-T1248,2er-reg
D026,Sat,1322,14:30,19:00,4.50,B2R-T1248,2er-reg
D027,Mon,8,04:45,09:15,4.50,B3-T8,3er
D027,Mon,123,10:15,14:45,4.50,B3-T8,3er
D027,Mon,201,15:15,19:45,4.50,B3-T8,3er
D027,Tue,327,08:30,13:00,4.50,B1-T327,1er
D027,Wed,484,05:30,10:00,4.50,B1-T484,1er
D027,Thu,684,05:45,10:15,4.50,B1-T684,1er
D027,Fri,903,07:00,11:30,4.50,B3-T903,3er
D027,Fri,1008,12:15,16:45,4.50,B3-T903,3er
D027,Fri,1119,17:45,22:15,4.50,B3-T903,3er
D028,Mon,9,04:45,09:15,4.50,B3-T9,3er
D028,Mon,116,09:45,14:15,4.50,B3-T9,3er
D028,Mon,195,15:00,19:30,4.50,B3-T9,3er
D028,Wed,476,05:30,10:00,4.50,B3-T476,3er
D028,Wed,542,10:30,15:00,4.50,B3-T476,3er
D028,Wed,618,16:00,20:30,4.50,B3-T476,3er
D028,Fri,916,08:00,12:30,4.50,B3-T916,3er
D028,Fri,1013,13:00,17:30,4.50,B3-T916,3er
D028,Fri,1143,18:30,23:00,4.50,B3-T916,3er
D029,Mon,10,04:45,09:15,4.50,B3-T10,3er
D029,Mon,114,09:45,14:15,4.50,B3-T10,3er
D029,Mon,194,15:00,19:30,4.50,B3-T10,3er
D029,Wed,474,05:30,10:00,4.50,B3-T474,3er
D029,Wed,548,10:30,15:00,4.50,B3-T474,3er
D029,Wed,620,16:00,20:30,4.50,B3-T474,3er
D029,Fri,875,05:30,10:00,4.50,B3-T875,3er
D029,Fri,991,11:00,15:30,4.50,B3-T875,3er
D029,Fri,1091,16:30,21:00,4.50,B3-T875,3er
D030,Mon,11,04:45,09:15,4.50,B3-T11,3er
D030,Mon,115,09:45,14:15,4.50,B3-T11,3er
D030,Mon,193,15:00,19:30,4.50,B3-T11,3er
D030,Wed,477,05:30,10:00,4.50,B2R-T477,2er-reg
D030,Wed,543,10:30,15:00,4.50,B2R-T477,2er-reg
D030,Thu,713,08:30,13:00,4.50,B2R-T713,2er-reg
D030,Thu,773,14:00,18:30,4.50,B2R-T713,2er-reg
D030,Fri,889,06:00,10:30,4.50,B2S-T889,2er-split
D030,Fri,1093,16:30,21:00,4.50,B2S-T889,2er-split
D031,Mon,12,04:45,09:15,4.50,B2S-T12,2er-split
D031,Mon,203,15:15,19:45,4.50,B2S-T12,2er-split
D031,Tue,307,07:15,11:45,4.50,B3-T307,3er
D031,Tue,371,12:15,16:45,4.50,B3-T307,3er
D031,Tue,450,17:45,22:15,4.50,B3-T307,3er
D031,Thu,704,08:15,12:45,4.50,B1-T704,1er
D031,Fri,932,08:15,12:45,4.50,B1-T932,1er
D031,Sat,1159,05:30,10:00,4.50,B2S-T1159,2er-split
D031,Sat,1363,16:00,20:30,4.50,B2S-T1159,2er-split
D032,Mon,13,04:45,09:15,4.50,B2S-T13,2er-split
D032,Mon,199,15:15,19:45,4.50,B2S-T13,2er-split
D032,Tue,329,08:30,13:00,4.50,B1-T329,1er
D032,Thu,686,05:45,10:15,4.50,B1-T686,1er
D032,Fri,910,07:00,11:30,4.50,B2R-T910,2er-reg
D032,Fri,1005,12:00,16:30,4.50,B2R-T910,2er-reg
D032,Sat,1149,05:00,09:30,4.50,B3-T1149,3er
D032,Sat,1272,10:15,14:45,4.50,B3-T1149,3er
D032,Sat,1345,15:15,19:45,4.50,B3-T1149,3er
D033,Wed,475,05:30,10:00,4.50,B3-T475,3er
D033,Wed,550,10:30,15:00,4.50,B3-T475,3er
D033,Wed,619,16:00,20:30,4.50,B3-T475,3er
D033,Thu,797,15:15,19:45,4.50,B1-T797,1er
D033,Fri,907,07:00,11:30,4.50,B3-T907,3er
D033,Fri,997,12:00,16:30,4.50,B3-T907,3er
D033,Fri,1109,17:15,21:45,4.50,B3-T907,3er
D033,Sat,1244,09:00,13:30,4.50,B2R-T1244,2er-reg
D033,Sat,1331,14:30,19:00,4.50,B2R-T1244,2er-reg
D034,Mon,5,04:45,09:15,4.50,B3-T5,3er
D034,Mon,119,10:00,14:30,4.50,B3-T5,3er
D034,Mon,198,15:15,19:45,4.50,B3-T5,3er
D034,Tue,322,08:30,13:00,4.50,B2R-T322,2er-reg
D034,Tue,383,14:00,18:30,4.50,B2R-T322,2er-reg
D034,Wed,483,05:30,10:00,4.50,B1-T483,1er
D034,Thu,685,05:45,10:15,4.50,B1-T685,1er
D034,Fri,893,06:00,10:30,4.50,B1-T893,1er
D034,Sat,1232,08:30,13:00,4.50,B1-T1232,1er
D035,Tue,334,08:45,13:15,4.50,B2R-T334,2er-reg
D035,Tue,389,14:15,18:45,4.50,B2R-T334,2er-reg
D035,Wed,513,08:30,13:00,4.50,B2R-T513,2er-reg
D035,Wed,580,14:00,18:30,4.50,B2R-T513,2er-reg
D035,Fri,869,05:15,09:45,4.50,B3-T869,3er
D035,Fri,974,10:30,15:00,4.50,B3-T869,3er
D035,Fri,1067,15:30,20:00,4.50,B3-T869,3er
D035,Sat,1219,07:30,12:00,4.50,B2R-T1219,2er-reg
D035,Sat,1307,12:45,17:15,4.50,B2R-T1219,2er-reg
D036,Mon,17,05:00,09:30,4.50,B3-T17,3er
D036,Mon,126,10:30,15:00,4.50,B3-T17,3er
D036,Mon,211,15:30,20:00,4.50,B3-T17,3er
D036,Tue,333,08:45,13:15,4.50,B2R-T333,2er-reg
D036,Tue,387,14:15,18:45,4.50,B2R-T333,2er-reg
D036,Fri,879,05:45,10:15,4.50,B3-T879,3er
D036,Fri,993,11:15,15:45,4.50,B3-T879,3er
D036,Fri,1100,16:30,21:00,4.50,B3-T879,3er
D036,Sat,1249,09:00,13:30,4.50,B2R-T1249,2er-reg
D036,Sat,1330,14:30,19:00,4.50,B2R-T1249,2er-reg
D037,Tue,312,08:00,12:30,4.50,B1-T312,1er
D037,Wed,464,04:45,09:15,4.50,B3-T464,3er
D037,Wed,540,10:15,14:45,4.50,B3-T464,3er
D037,Wed,610,15:30,20:00,4.50,B3-T464,3er
D037,Thu,714,08:30,13:00,4.50,B2R-T714,2er-reg
D037,Thu,774,14:00,18:30,4.50,B2R-T714,2er-reg
D037,Fri,888,06:00,10:30,4.50,B2S-T888,2er-split
D037,Fri,1102,16:30,21:00,4.50,B2S-T888,2er-split
D037,Sat,1233,08:30,13:00,4.50,B1-T1233,1er
D038,Mon,19,05:00,09:30,4.50,B2S-T19,2er-split
D038,Mon,207,15:30,20:00,4.50,B2S-T19,2er-split
D038,Tue,336,08:45,13:15,4.50,B1-T336,1er
D038,Wed,490,05:45,10:15,4.50,B1-T490,1er
D038,Thu,665,05:00,09:30,4.50,B3-T665,3er
D038,Thu,734,10:15,14:45,4.50,B3-T665,3er
D038,Thu,800,15:15,19:45,4.50,B3-T665,3er
D038,Fri,939,08:30,13:00,4.50,B1-T939,1er
D038,Sat,1166,05:45,10:15,4.50,B1-T1166,1er
D039,Mon,20,05:00,09:30,4.50,B2S-T20,2er-split
D039,Mon,205,15:30,20:00,4.50,B2S-T20,2er-split
D039,Tue,335,08:45,13:15,4.50,B1-T335,1er
D039,Wed,492,06:00,10:30,4.50,B1-T492,1er
D039,Thu,706,08:15,12:45,4.50,B1-T706,1er
D039,Fri,876,05:30,10:00,4.50,B3-T876,3er
D039,Fri,989,11:00,15:30,4.50,B3-T876,3er
D039,Fri,1101,16:30,21:00,4.50,B3-T876,3er
D039,Sat,1358,15:45,20:15,4.50,B1-T1358,1er
D040,Mon,21,05:00,09:30,4.50,B2S-T21,2er-split
D040,Mon,206,15:30,20:00,4.50,B2S-T21,2er-split
D040,Thu,672,05:30,10:00,4.50,B2R-T672,2er-reg
D040,Thu,745,11:00,15:30,4.50,B2R-T672,2er-reg
D040,Fri,870,05:15,09:45,4.50,B3-T870,3er
D040,Fri,976,10:30,15:00,4.50,B3-T870,3er
D040,Fri,1080,16:00,20:30,4.50,B3-T870,3er
D040,Sat,1212,07:30,12:00,4.50,B2R-T1212,2er-reg
D040,Sat,1313,13:00,17:30,4.50,B2R-T1212,2er-reg
D041,Mon,22,05:00,09:30,4.50,B2S-T22,2er-split
D041,Mon,208,15:30,20:00,4.50,B2S-T22,2er-split
D041,Tue,331,08:45,13:15,4.50,B2R-T331,2er-reg
D041,Tue,388,14:15,18:45,4.50,B2R-T331,2er-reg
D041,Wed,516,08:30,13:00,4.50,B1-T516,1er
D041,Thu,682,05:45,10:15,4.50,B1-T682,1er
D041,Fri,911,07:00,11:30,4.50,B2R-T911,2er-reg
D041,Fri,1002,12:00,16:30,4.50,B2R-T911,2er-reg
D041,Sat,1169,05:45,10:15,4.50,B1-T1169,1er
D042,Tue,298,06:15,10:45,4.50,B3-T298,3er
D042,Tue,361,11:45,16:15,4.50,B3-T298,3er
D042,Tue,431,17:15,21:45,4.50,B3-T298,3er
D042,Thu,700,07:45,12:15,4.50,B3-T700,3er
D042,Thu,770,13:15,17:45,4.50,B3-T700,3er
D042,Thu,846,18:30,23:00,4.50,B3-T700,3er
D042,Fri,1046,14:30,19:00,4.50,B1-T1046,1er
D042,Sat,1185,06:15,10:45,4.50,B2S-T1185,2er-split
D042,Sat,1383,16:45,21:15,4.50,B2S-T1185,2er-split
D043,Tue,268,05:00,09:30,4.50,B3-T268,3er
D043,Tue,350,10:30,15:00,4.50,B3-T268,3er
D043,Tue,416,15:45,20:15,4.50,B3-T268,3er
D043,Thu,815,16:45,21:15,4.50,B1-T815,1er
D043,Fri,948,08:45,13:15,4.50,B2R-T948,2er-reg
D043,Fri,1033,14:15,18:45,4.50,B2R-T948,2er-reg
D043,Sat,1194,06:30,11:00,4.50,B3-T1194,3er
D043,Sat,1289,12:00,16:30,4.50,B3-T1194,3er
D043,Sat,1385,17:00,21:30,4.50,B3-T1194,3er
D044,Mon,25,05:00,09:30,4.50,B1-T25,1er
D044,Tue,267,05:00,09:30,4.50,B3-T267,3er
D044,Tue,349,10:30,15:00,4.50,B3-T267,3er
D044,Tue,417,16:00,20:30,4.50,B3-T267,3er
D044,Wed,634,17:30,22:00,4.50,B1-T634,1er
D044,Thu,799,15:15,19:45,4.50,B1-T799,1er
D044,Fri,913,07:15,11:45,4.50,B3-T913,3er
D044,Fri,1011,12:45,17:15,4.50,B3-T913,3er
D044,Fri,1138,18:15,22:45,4.50,B3-T913,3er
D045,Mon,26,05:15,09:45,4.50,B3-T26,3er
D045,Mon,131,10:45,15:15,4.50,B3-T26,3er
D045,Mon,219,16:15,20:45,4.50,B3-T26,3er
D045,Wed,588,14:45,19:15,4.50,B1-T588,1er
D045,Thu,790,15:00,19:30,4.50,B1-T790,1er
D045,Fri,929,08:15,12:45,4.50,B1-T929,1er
D045,Sat,1152,05:15,09:45,4.50,B3-T1152,3er
D045,Sat,1270,10:15,14:45,4.50,B3-T1152,3er
D045,Sat,1359,15:45,20:15,4.50,B3-T1152,3er
D046,Mon,27,05:15,09:45,4.50,B3-T27,3er
D046,Mon,129,10:45,15:15,4.50,B3-T27,3er
D046,Mon,214,16:00,20:30,4.50,B3-T27,3er
D046,Tue,314,08:15,12:45,4.50,B2R-T314,2er-reg
D046,Tue,380,13:45,18:15,4.50,B2R-T314,2er-reg
D046,Wed,587,14:30,19:00,4.50,B1-T587,1er
D046,Thu,730,08:45,13:15,4.50,B1-T730,1er
D046,Fri,894,06:00,10:30,4.50,B1-T894,1er
D046,Sat,1191,06:15,10:45,4.50,B1-T1191,1er
D047,Mon,28,05:15,09:45,4.50,B3-T28,3er
D047,Mon,127,10:45,15:15,4.50,B3-T28,3er
D047,Mon,218,16:15,20:45,4.50,B3-T28,3er
D047,Wed,472,05:30,10:00,4.50,B3-T472,3er
D047,Wed,549,10:30,15:00,4.50,B3-T472,3er
D047,Wed,614,16:00,20:30,4.50,B3-T472,3er
D047,Fri,874,05:30,10:00,4.50,B3-T874,3er
D047,Fri,990,11:00,15:30,4.50,B3-T874,3er
D047,Fri,1088,16:30,21:00,4.50,B3-T874,3er
D048,Mon,29,05:15,09:45,4.50,B3-T29,3er
D048,Mon,128,10:45,15:15,4.50,B3-T29,3er
D048,Mon,216,16:00,20:30,4.50,B3-T29,3er
D048,Tue,317,08:15,12:45,4.50,B1-T317,1er
D048,Thu,729,08:45,13:15,4.50,B1-T729,1er
D048,Fri,856,05:00,09:30,4.50,B3-T856,3er
D048,Fri,968,10:30,15:00,4.50,B3-T856,3er
D048,Fri,1076,15:30,20:00,4.50,B3-T856,3er
D048,Sat,1223,07:30,12:00,4.50,B1-T1223,1er
D049,Mon,30,05:15,09:45,4.50,B3-T30,3er
D049,Mon,130,10:45,15:15,4.50,B3-T30,3er
D049,Mon,217,16:00,20:30,4.50,B3-T30,3er
D049,Wed,480,05:30,10:00,4.50,B2R-T480,2er-reg
D049,Wed,546,10:30,15:00,4.50,B2R-T480,2er-reg
D049,Thu,719,08:30,13:00,4.50,B1-T719,1er
D049,Fri,881,05:45,10:15,4.50,B2R-T881,2er-reg
D049,Fri,987,10:45,15:15,4.50,B2R-T881,2er-reg
D049,Sat,1170,05:45,10:15,4.50,B1-T1170,1er
D050,Mon,31,05:15,09:45,4.50,B2S-T31,2er-split
D050,Mon,212,15:45,20:15,4.50,B2S-T31,2er-split
D050,Thu,671,05:30,10:00,4.50,B3-T671,3er
D050,Thu,743,10:45,15:15,4.50,B3-T671,3er
D050,Thu,812,15:45,20:15,4.50,B3-T671,3er
D050,Fri,933,08:15,12:45,4.50,B1-T933,1er
D050,Sat,1157,05:30,10:00,4.50,B3-T1157,3er
D050,Sat,1275,10:45,15:15,4.50,B3-T1157,3er
D050,Sat,1356,15:45,20:15,4.50,B3-T1157,3er
D051,Mon,32,05:15,09:45,4.50,B1-T32,1er
D051,Tue,269,05:00,09:30,4.50,B3-T269,3er
D051,Tue,346,10:30,15:00,4.50,B3-T269,3er
D051,Tue,418,16:00,20:30,4.50,B3-T269,3er
D051,Wed,640,17:45,22:15,4.50,B1-T640,1er
D051,Thu,834,17:45,22:15,4.50,B1-T834,1er
D051,Fri,1014,13:00,17:30,4.50,B2R-T1014,2er-reg
D051,Fri,1121,18:00,22:30,4.50,B2R-T1014,2er-reg
D051,Sat,1288,12:00,16:30,4.50,B1-T1288,1er
D052,Tue,325,08:30,13:00,4.50,B2R-T325,2er-reg
D052,Tue,385,14:00,18:30,4.50,B2R-T325,2er-reg
D052,Wed,503,07:00,11:30,4.50,B3-T503,3er
D052,Wed,558,12:00,16:30,4.50,B3-T503,3er
D052,Wed,625,17:15,21:45,4.50,B3-T503,3er
D052,Fri,897,06:15,10:45,4.50,B2S-T897,2er-split
D052,Fri,1106,16:45,21:15,4.50,B2S-T897,2er-split
D052,Sat,1241,09:00,13:30,4.50,B2R-T1241,2er-reg
D052,Sat,1329,14:30,19:00,4.50,B2R-T1241,2er-reg
D053,Mon,34,05:15,09:45,4.50,B1-T34,1er
D053,Tue,308,07:30,12:00,4.50,B3-T308,3er
D053,Tue,376,13:00,17:30,4.50,B3-T308,3er
D053,Tue,459,18:15,22:45,4.50,B3-T308,3er
D053,Wed,584,14:30,19:00,4.50,B1-T584,1er
D053,Fri,878,05:45,10:15,4.50,B3-T878,3er
D053,Fri,992,11:15,15:45,4.50,B3-T878,3er
D053,Fri,1095,16:30,21:00,4.50,B3-T878,3er
D053,Sat,1252,09:00,13:30,4.50,B1-T1252,1er
D054,Mon,45,05:30,10:00,4.50,B2R-T45,2er-reg
D054,Mon,134,11:00,15:30,4.50,B2R-T45,2er-reg
D054,Tue,281,05:30,10:00,4.50,B1-T281,1er
D054,Wed,636,17:45,22:15,4.50,B1-T636,1er
D054,Thu,753,12:00,16:30,4.50,B2R-T753,2er-reg
D054,Thu,823,17:30,22:00,4.50,B2R-T753,2er-reg
D054,Fri,1043,14:30,19:00,4.50,B1-T1043,1er
D054,Sat,1201,06:45,11:15,4.50,B2R-T1201,2er-reg
D054,Sat,1297,12:15,16:45,4.50,B2R-T1201,2er-reg
D055,Mon,36,05:15,09:45,4.50,B1-T36,1er
D055,Tue,282,05:30,10:00,4.50,B1-T282,1er
D055,Wed,468,04:45,09:15,4.50,B2R-T468,2er-reg
D055,Wed,541,10:15,14:45,4.50,B2R-T468,2er-reg
D055,Thu,712,08:30,13:00,4.50,B2R-T712,2er-reg
D055,Thu,775,14:00,18:30,4.50,B2R-T712,2er-reg
D055,Fri,890,06:00,10:30,4.50,B2S-T890,2er-split
D055,Fri,1097,16:30,21:00,4.50,B2S-T890,2er-split
D055,Sat,1231,08:00,12:30,4.50,B1-T1231,1er
D056,Tue,276,05:15,09:45,4.50,B2R-T276,2er-reg
D056,Tue,356,10:45,15:15,4.50,B2R-T276,2er-reg
D056,Wed,461,04:45,09:15,4.50,B3-T461,3er
D056,Wed,537,10:15,14:45,4.50,B3-T461,3er
D056,Wed,608,15:15,19:45,4.50,B3-T461,3er
D056,Fri,849,04:45,09:15,4.50,B3-T849,3er
D056,Fri,962,10:15,14:45,4.50,B3-T849,3er
D056,Fri,1068,15:30,20:00,4.50,B3-T849,3er
D056,Sat,1206,07:00,11:30,4.50,B2R-T1206,2er-reg
D056,Sat,1301,12:30,17:00,4.50,B2R-T1206,2er-reg
D057,Tue,272,05:15,09:45,4.50,B3-T272,3er
D057,Tue,352,10:45,15:15,4.50,B3-T272,3er
D057,Tue,421,16:15,20:45,4.50,B3-T272,3er
D057,Wed,519,08:30,13:00,4.50,B1-T519,1er
D057,Thu,657,04:45,09:15,4.50,B3-T657,3er
D057,Thu,731,10:00,14:30,4.50,B3-T657,3er
D057,Thu,803,15:15,19:45,4.50,B3-T657,3er
D057,Fri,926,08:15,12:45,4.50,B1-T926,1er
D057,Sat,1193,06:15,10:45,4.50,B1-T1193,1er
D058,Mon,39,05:15,09:45,4.50,B1-T39,1er
D058,Tue,271,05:00,09:30,4.50,B2R-T271,2er-reg
D058,Tue,347,10:30,15:00,4.50,B2R-T271,2er-reg
D058,Wed,639,17:45,22:15,4.50,B1-T639,1er
D058,Thu,841,18:00,22:30,4.50,B1-T841,1er
D058,Fri,1019,13:00,17:30,4.50,B2R-T1019,2er-reg
D058,Fri,1126,18:00,22:30,4.50,B2R-T1019,2er-reg
D058,Sat,1268,10:00,14:30,4.50,B2R-T1268,2er-reg
D058,Sat,1335,15:00,19:30,4.50,B2R-T1268,2er-reg
D059,Tue,270,05:00,09:30,4.50,B3-T270,3er
D059,Tue,345,10:30,15:00,4.50,B3-T270,3er
D059,Tue,419,16:00,20:30,4.50,B3-T270,3er
D059,Thu,750,11:45,16:15,4.50,B2R-T750,2er-reg
D059,Thu,816,16:45,21:15,4.50,B2R-T750,2er-reg
D059,Fri,931,08:15,12:45,4.50,B1-T931,1er
D059,Sat,1150,05:00,09:30,4.50,B3-T1150,3er
D059,Sat,1273,10:30,15:00,4.50,B3-T1150,3er
D059,Sat,1351,15:30,20:00,4.50,B3-T1150,3er
D060,Mon,41,05:30,10:00,4.50,B3-T41,3er
D060,Mon,133,11:00,15:30,4.50,B3-T41,3er
D060,Mon,221,16:30,21:00,4.50,B3-T41,3er
D060,Tue,330,08:30,13:00,4.50,B1-T330,1er
D060,Thu,699,07:45,12:15,4.50,B3-T699,3er
D060,Thu,769,13:15,17:45,4.50,B3-T699,3er
D060,Thu,847,18:30,23:00,4.50,B3-T699,3er
D060,Fri,1047,14:45,19:15,4.50,B1-T1047,1er
D060,Sat,1188,06:15,10:45,4.50,B1-T1188,1er
D061,Mon,42,05:30,10:00,4.50,B3-T42,3er
D061,Mon,136,11:00,15:30,4.50,B3-T42,3er
D061,Mon,222,16:30,21:00,4.50,B3-T42,3er
D061,Thu,658,04:45,09:15,4.50,B3-T658,3er
D061,Thu,732,10:15,14:45,4.50,B3-T658,3er
D061,Thu,810,15:45,20:15,4.50,B3-T658,3er
D061,Fri,949,08:45,13:15,4.50,B1-T949,1er
D061,Sat,1146,05:00,09:30,4.50,B3-T1146,3er
D061,Sat,1262,10:00,14:30,4.50,B3-T1146,3er
D061,Sat,1354,15:30,20:00,4.50,B3-T1146,3er
D062,Mon,43,05:30,10:00,4.50,B3-T43,3er
D062,Mon,132,11:00,15:30,4.50,B3-T43,3er
D062,Mon,215,16:00,20:30,4.50,B3-T43,3er
D062,Wed,486,05:45,10:15,4.50,B2S-T486,2er-split
D062,Wed,622,16:15,20:45,4.50,B2S-T486,2er-split
D062,Fri,921,08:15,12:45,4.50,B3-T921,3er
D062,Fri,1027,13:15,17:45,4.50,B3-T921,3er
D062,Fri,1142,18:30,23:00,4.50,B3-T921,3er
D062,Sat,1355,15:45,20:15,4.50,B1-T1355,1er
D063,Mon,44,05:30,10:00,4.50,B3-T44,3er
D063,Mon,135,11:00,15:30,4.50,B3-T44,3er
D063,Mon,220,16:15,20:45,4.50,B3-T44,3er
D063,Thu,703,08:15,12:45,4.50,B3-T703,3er
D063,Thu,771,13:15,17:45,4.50,B3-T703,3er
D063,Thu,845,18:30,23:00,4.50,B3-T703,3er
D063,Fri,969,10:30,15:00,4.50,B1-T969,1er
D063,Sat,1160,05:45,10:15,4.50,B3-T1160,3er
D063,Sat,1279,11:15,15:45,4.50,B3-T1160,3er
D063,Sat,1368,16:15,20:45,4.50,B3-T1160,3er
D064,Mon,35,05:15,09:45,4.50,B1-T35,1er
D064,Tue,277,05:15,09:45,4.50,B2R-T277,2er-reg
D064,Tue,351,10:30,15:00,4.50,B2R-T277,2er-reg
D064,Wed,637,17:45,22:15,4.50,B1-T637,1er
D064,Thu,752,12:00,16:30,4.50,B2R-T752,2er-reg
D064,Thu,831,17:30,22:00,4.50,B2R-T752,2er-reg
D064,Fri,1044,14:30,19:00,4.50,B1-T1044,1er
D064,Sat,1177,06:00,10:30,4.50,B2S-T1177,2er-split
D064,Sat,1377,16:30,21:00,4.50,B2S-T1177,2er-split
D065,Mon,55,05:45,10:15,4.50,B2R-T55,2er-reg
D065,Mon,138,11:15,15:45,4.50,B2R-T55,2er-reg
D065,Tue,288,05:45,10:15,4.50,B1-T288,1er
D065,Wed,574,13:00,17:30,4.50,B1-T574,1er
D065,Thu,687,06:00,10:30,4.50,B1-T687,1er
D065,Fri,866,05:15,09:45,4.50,B3-T866,3er
D065,Fri,978,10:45,15:15,4.50,B3-T866,3er
D065,Fri,1083,16:00,20:30,4.50,B3-T866,3er
D065,Sat,1225,07:30,12:00,4.50,B1-T1225,1er
D066,Mon,47,05:30,10:00,4.50,B1-T47,1er
D066,Tue,262,04:45,09:15,4.50,B3-T262,3er
D066,Tue,339,09:45,14:15,4.50,B3-T262,3er
D066,Tue,401,14:45,19:15,4.50,B3-T262,3er
D066,Wed,504,07:00,11:30,4.50,B2S-T504,2er-split
D066,Wed,631,17:30,22:00,4.50,B2S-T504,2er-split
D066,Fri,934,08:30,13:00,4.50,B2R-T934,2er-reg
D066,Fri,1030,14:00,18:30,4.50,B2R-T934,2er-reg
D066,Sat,1179,06:00,10:30,4.50,B1-T1179,1er
D067,Tue,260,04:45,09:15,4.50,B3-T260,3er
D067,Tue,341,10:00,14:30,4.50,B3-T260,3er
D067,Tue,410,15:00,19:30,4.50,B3-T260,3er
D067,Thu,676,05:30,10:00,4.50,B1-T676,1er
D067,Fri,854,04:45,09:15,4.50,B3-T854,3er
D067,Fri,967,10:15,14:45,4.50,B3-T854,3er
D067,Fri,1063,15:15,19:45,4.50,B3-T854,3er
D067,Sat,1215,07:30,12:00,4.50,B2R-T1215,2er-reg
D067,Sat,1309,12:45,17:15,4.50,B2R-T1215,2er-reg
D068,Tue,261,04:45,09:15,4.50,B3-T261,3er
D068,Tue,344,10:15,14:45,4.50,B3-T261,3er
D068,Tue,415,15:45,20:15,4.50,B3-T261,3er
D068,Thu,667,05:15,09:45,4.50,B3-T667,3er
D068,Thu,741,10:45,15:15,4.50,B3-T667,3er
D068,Thu,811,15:45,20:15,4.50,B3-T667,3er
D068,Fri,944,08:45,13:15,4.50,B2R-T944,2er-reg
D068,Fri,1039,14:15,18:45,4.50,B2R-T944,2er-reg
D068,Sat,1173,05:45,10:15,4.50,B1-T1173,1er
D069,Tue,265,04:45,09:15,4.50,B3-T265,3er
D069,Tue,340,10:00,14:30,4.50,B3-T265,3er
D069,Tue,412,15:30,20:00,4.50,B3-T265,3er
D069,Wed,643,17:45,22:15,4.50,B1-T643,1er
D069,Fri,908,07:00,11:30,4.50,B3-T908,3er
D069,Fri,1006,12:15,16:45,4.50,B3-T908,3er
D069,Fri,1117,17:45,22:15,4.50,B3-T908,3er
D069,Sat,1256,09:45,14:15,4.50,B2R-T1256,2er-reg
D069,Sat,1343,15:15,19:45,4.50,B2R-T1256,2er-reg
D070,Mon,51,05:45,10:15,4.50,B3-T51,3er
D070,Mon,140,11:15,15:45,4.50,B3-T51,3er
D070,Mon,224,16:45,21:15,4.50,B3-T51,3er
D070,Wed,473,05:30,10:00,4.50,B3-T473,3er
D070,Wed,553,10:45,15:15,4.50,B3-T473,3er
D070,Wed,617,16:00,20:30,4.50,B3-T473,3er
D070,Fri,871,05:15,09:45,4.50,B3-T871,3er
D070,Fri,983,10:45,15:15,4.50,B3-T871,3er
D070,Fri,1087,16:15,20:45,4.50,B3-T871,3er
D070,Sat,1228,07:45,12:15,4.50,B1-T1228,1er
D071,Mon,52,05:45,10:15,4.50,B3-T52,3er
D071,Mon,141,11:15,15:45,4.50,B3-T52,3er
D071,Mon,223,16:45,21:15,4.50,B3-T52,3er
D071,Thu,670,05:30,10:00,4.50,B3-T670,3er
D071,Thu,746,11:00,15:30,4.50,B3-T670,3er
D071,Thu,814,16:30,21:00,4.50,B3-T670,3er
D071,Fri,936,08:30,13:00,4.50,B2R-T936,2er-reg
D071,Fri,1029,14:00,18:30,4.50,B2R-T936,2er-reg
D071,Sat,1168,05:45,10:15,4.50,B1-T1168,1er
D072,Mon,86,08:15,12:45,4.50,B1-T86,1er
D072,Tue,274,05:15,09:45,4.50,B3-T274,3er
D072,Tue,353,10:45,15:15,4.50,B3-T274,3er
D072,Tue,422,16:15,20:45,4.50,B3-T274,3er
D072,Wed,517,08:30,13:00,4.50,B1-T517,1er
D072,Fri,855,05:00,09:30,4.50,B3-T855,3er
D072,Fri,963,10:15,14:45,4.50,B3-T855,3er
D072,Fri,1070,15:30,20:00,4.50,B3-T855,3er
D072,Sat,1224,07:30,12:00,4.50,B1-T1224,1er
D073,Mon,87,08:15,12:45,4.50,B1-T87,1er
D073,Tue,285,05:30,10:00,4.50,B1-T285,1er
D073,Wed,648,17:45,22:15,4.50,B1-T648,1er
D073,Thu,751,11:45,16:15,4.50,B2R-T751,2er-reg
D073,Thu,820,17:15,21:45,4.50,B2R-T751,2er-reg
D073,Fri,942,08:45,13:15,4.50,B2R-T942,2er-reg
D073,Fri,1036,14:15,18:45,4.50,B2R-T942,2er-reg
D073,Sat,1163,05:45,10:15,4.50,B2S-T1163,2er-split
D073,Sat,1372,16:15,20:45,4.50,B2S-T1163,2er-split
D074,Mon,46,05:30,10:00,4.50,B1-T46,1er
D074,Tue,284,05:30,10:00,4.50,B1-T284,1er
D074,Wed,463,04:45,09:15,4.50,B3-T463,3er
D074,Wed,534,10:15,14:45,4.50,B3-T463,3er
D074,Wed,611,15:45,20:15,4.50,B3-T463,3er
D074,Fri,883,06:00,10:30,4.50,B2S-T883,2er-split
D074,Fri,1096,16:30,21:00,4.50,B2S-T883,2er-split
D074,Sat,1250,09:00,13:30,4.50,B2R-T1250,2er-reg
D074,Sat,1324,14:30,19:00,4.50,B2R-T1250,2er-reg
D075,Tue,266,05:00,09:30,4.50,B3-T266,3er
D075,Tue,348,10:30,15:00,4.50,B3-T266,3er
D075,Tue,420,16:00,20:30,4.50,B3-T266,3er
D075,Thu,786,14:45,19:15,4.50,B1-T786,1er
D075,Fri,906,07:00,11:30,4.50,B3-T906,3er
D075,Fri,1003,12:00,16:30,4.50,B3-T906,3er
D075,Fri,1112,17:30,22:00,4.50,B3-T906,3er
D075,Sat,1245,09:00,13:30,4.50,B2R-T1245,2er-reg
D075,Sat,1323,14:30,19:00,4.50,B2R-T1245,2er-reg
D076,Mon,57,05:45,10:15,4.50,B1-T57,1er
D076,Tue,264,04:45,09:15,4.50,B3-T264,3er
D076,Tue,342,10:15,14:45,4.50,B3-T264,3er
D076,Tue,413,15:30,20:00,4.50,B3-T264,3er
D076,Wed,645,17:45,22:15,4.50,B1-T645,1er
D076,Thu,843,18:00,22:30,4.50,B1-T843,1er
D076,Fri,1017,13:00,17:30,4.50,B2R-T1017,2er-reg
D076,Fri,1133,18:00,22:30,4.50,B2R-T1017,2er-reg
D076,Sat,1287,12:00,16:30,4.50,B1-T1287,1er
D077,Mon,58,05:45,10:15,4.50,B1-T58,1er
D077,Tue,263,04:45,09:15,4.50,B3-T263,3er
D077,Tue,343,10:15,14:45,4.50,B3-T263,3er
D077,Tue,414,15:45,20:15,4.50,B3-T263,3er
D077,Wed,646,17:45,22:15,4.50,B1-T646,1er
D077,Thu,759,12:00,16:30,4.50,B2R-T759,2er-reg
D077,Thu,829,17:30,22:00,4.50,B2R-T759,2er-reg
D077,Fri,1118,17:45,22:15,4.50,B1-T1118,1er
D077,Sat,1361,16:00,20:30,4.50,B1-T1361,1er
D078,Mon,59,06:00,10:30,4.50,B3-T59,3er
D078,Mon,144,11:30,16:00,4.50,B3-T59,3er
D078,Mon,228,17:00,21:30,4.50,B3-T59,3er
D078,Thu,668,05:15,09:45,4.50,B3-T668,3er
D078,Thu,744,10:45,15:15,4.50,B3-T668,3er
D078,Thu,813,15:45,20:15,4.50,B3-T668,3er
D078,Fri,943,08:45,13:15,4.50,B2R-T943,2er-reg
D078,Fri,1035,14:15,18:45,4.50,B2R-T943,2er-reg
D078,Sat,1162,05:45,10:15,4.50,B2S-T1162,2er-split
D078,Sat,1371,16:15,20:45,4.50,B2S-T1162,2er-split
D079,Mon,60,06:00,10:30,4.50,B3-T60,3er
D079,Mon,142,11:30,16:00,4.50,B3-T60,3er
D079,Mon,225,17:00,21:30,4.50,B3-T60,3er
D079,Tue,453,18:00,22:30,4.50,B1-T453,1er
D079,Wed,555,11:45,16:15,4.50,B2R-T555,2er-reg
D079,Wed,627,17:15,21:45,4.50,B2R-T555,2er-reg
D079,Fri,1045,14:30,19:00,4.50,B1-T1045,1er
D079,Sat,1176,06:00,10:30,4.50,B2S-T1176,2er-split
D079,Sat,1375,16:30,21:00,4.50,B2S-T1176,2er-split
D080,Mon,61,06:00,10:30,4.50,B3-T61,3er
D080,Mon,143,11:30,16:00,4.50,B3-T61,3er
D080,Mon,226,17:00,21:30,4.50,B3-T61,3er
D080,Wed,568,13:00,17:30,4.50,B2R-T568,2er-reg
D080,Wed,653,18:00,22:30,4.50,B2R-T568,2er-reg
D080,Fri,868,05:15,09:45,4.50,B3-T868,3er
D080,Fri,970,10:30,15:00,4.50,B3-T868,3er
D080,Fri,1066,15:30,20:00,4.50,B3-T868,3er
D080,Sat,1220,07:30,12:00,4.50,B1-T1220,1er
D081,Mon,62,06:15,10:45,4.50,B3-T62,3er
D081,Mon,145,11:45,16:15,4.50,B3-T62,3er
D081,Mon,231,17:15,21:45,4.50,B3-T62,3er
D081,Tue,438,17:30,22:00,4.50,B1-T438,1er
D081,Thu,789,15:00,19:30,4.50,B1-T789,1er
D081,Fri,930,08:15,12:45,4.50,B1-T930,1er
D081,Sat,1154,05:30,10:00,4.50,B3-T1154,3er
D081,Sat,1278,11:00,15:30,4.50,B3-T1154,3er
D081,Sat,1374,16:30,21:00,4.50,B3-T1154,3er
D082,Mon,63,06:15,10:45,4.50,B3-T63,3er
D082,Mon,146,11:45,16:15,4.50,B3-T63,3er
D082,Mon,232,17:15,21:45,4.50,B3-T63,3er
D082,Thu,659,04:45,09:15,4.50,B3-T659,3er
D082,Thu,736,10:15,14:45,4.50,B3-T659,3er
D082,Thu,806,15:30,20:00,4.50,B3-T659,3er
D082,Fri,1054,14:45,19:15,4.50,B1-T1054,1er
D082,Sat,1195,06:30,11:00,4.50,B2R-T1195,2er-reg
D082,Sat,1290,12:00,16:30,4.50,B2R-T1195,2er-reg
D083,Mon,64,06:30,11:00,4.50,B3-T64,3er
D083,Mon,147,12:00,16:30,4.50,B3-T64,3er
D083,Mon,229,17:15,21:45,4.50,B3-T64,3er
D083,Wed,481,05:30,10:00,4.50,B2R-T481,2er-reg
D083,Wed,551,10:30,15:00,4.50,B2R-T481,2er-reg
D083,Fri,905,07:00,11:30,4.50,B3-T905,3er
D083,Fri,1004,12:00,16:30,4.50,B3-T905,3er
D083,Fri,1114,17:30,22:00,4.50,B3-T905,3er
D083,Sat,1246,09:00,13:30,4.50,B2R-T1246,2er-reg
D083,Sat,1328,14:30,19:00,4.50,B2R-T1246,2er-reg
D084,Mon,65,06:30,11:00,4.50,B3-T65,3er
D084,Mon,150,12:00,16:30,4.50,B3-T65,3er
D084,Mon,230,17:15,21:45,4.50,B3-T65,3er
D084,Wed,494,06:45,11:15,4.50,B3-T494,3er
D084,Wed,564,12:15,16:45,4.50,B3-T494,3er
D084,Wed,629,17:15,21:45,4.50,B3-T494,3er
D084,Fri,980,10:45,15:15,4.50,B1-T980,1er
D084,Sat,1151,05:00,09:30,4.50,B3-T1151,3er
D084,Sat,1259,10:00,14:30,4.50,B3-T1151,3er
D084,Sat,1349,15:30,20:00,4.50,B3-T1151,3er
D085,Tue,403,14:45,19:15,4.50,B1-T403,1er
D085,Wed,500,07:00,11:30,4.50,B3-T500,3er
D085,Wed,557,12:00,16:30,4.50,B3-T500,3er
D085,Wed,626,17:15,21:45,4.50,B3-T500,3er
D085,Fri,896,06:15,10:45,4.50,B3-T896,3er
D085,Fri,994,11:45,16:15,4.50,B3-T896,3er
D085,Fri,1104,16:45,21:15,4.50,B3-T896,3er
D085,Sat,1242,09:00,13:30,4.50,B2R-T1242,2er-reg
D085,Sat,1326,14:30,19:00,4.50,B2R-T1242,2er-reg
D086,Mon,67,06:45,11:15,4.50,B3-T67,3er
D086,Mon,152,12:15,16:45,4.50,B3-T67,3er
D086,Mon,241,17:45,22:15,4.50,B3-T67,3er
D086,Tue,428,17:00,21:30,4.50,B1-T428,1er
D086,Thu,661,04:45,09:15,4.50,B3-T661,3er
D086,Thu,735,10:15,14:45,4.50,B3-T661,3er
D086,Thu,802,15:15,19:45,4.50,B3-T661,3er
D086,Fri,938,08:30,13:00,4.50,B1-T938,1er
D086,Sat,1167,05:45,10:15,4.50,B1-T1167,1er
D087,Tue,411,15:00,19:30,4.50,B1-T411,1er
D087,Wed,505,07:15,11:45,4.50,B3-T505,3er
D087,Wed,566,12:45,17:15,4.50,B3-T505,3er
D087,Wed,651,18:00,22:30,4.50,B3-T505,3er
D087,Thu,798,15:15,19:45,4.50,B1-T798,1er
D087,Fri,914,07:15,11:45,4.50,B3-T914,3er
D087,Fri,1009,12:45,17:15,4.50,B3-T914,3er
D087,Fri,1139,18:15,22:45,4.50,B3-T914,3er
D087,Sat,1366,16:00,20:30,4.50,B1-T1366,1er
D088,Wed,506,07:15,11:45,4.50,B3-T506,3er
D088,Wed,567,12:45,17:15,4.50,B3-T506,3er
D088,Wed,638,17:45,22:15,4.50,B3-T506,3er
D088,Thu,755,12:00,16:30,4.50,B2R-T755,2er-reg
D088,Thu,828,17:30,22:00,4.50,B2R-T755,2er-reg
D088,Fri,953,09:00,13:30,4.50,B2R-T953,2er-reg
D088,Fri,1041,14:30,19:00,4.50,B2R-T953,2er-reg
D088,Sat,1174,06:00,10:30,4.50,B3-T1174,3er
D088,Sat,1280,11:30,16:00,4.50,B3-T1174,3er
D088,Sat,1373,16:30,21:00,4.50,B3-T1174,3er
D089,Mon,70,07:15,11:45,4.50,B3-T70,3er
D089,Mon,151,12:15,16:45,4.50,B3-T70,3er
D089,Mon,233,17:15,21:45,4.50,B3-T70,3er
D089,Tue,338,09:30,14:00,4.50,B2R-T338,2er-reg
D089,Tue,392,14:30,19:00,4.50,B2R-T338,2er-reg
D089,Thu,692,06:00,10:30,4.50,B1-T692,1er
D089,Fri,891,06:00,10:30,4.50,B2S-T891,2er-split
D089,Fri,1092,16:30,21:00,4.50,B2S-T891,2er-split
D089,Sat,1230,08:00,12:30,4.50,B1-T1230,1er
D090,Mon,71,07:30,12:00,4.50,B3-T71,3er
D090,Mon,159,13:00,17:30,4.50,B3-T71,3er
D090,Mon,252,18:15,22:45,4.50,B3-T71,3er
D090,Tue,397,14:30,19:00,4.50,B1-T397,1er
D090,Wed,520,08:30,13:00,4.50,B1-T520,1er
D090,Fri,898,06:15,10:45,4.50,B2S-T898,2er-split
D090,Fri,1105,16:45,21:15,4.50,B2S-T898,2er-split
D090,Sat,1240,09:00,13:30,4.50,B2R-T1240,2er-reg
D090,Sat,1327,14:30,19:00,4.50,B2R-T1240,2er-reg
D091,Mon,72,07:30,12:00,4.50,B3-T72,3er
D091,Mon,157,12:45,17:15,4.50,B3-T72,3er
D091,Mon,253,18:15,22:45,4.50,B3-T72,3er
D091,Wed,495,06:45,11:15,4.50,B3-T495,3er
D091,Wed,559,12:00,16:30,4.50,B3-T495,3er
D091,Wed,623,17:00,21:30,4.50,B3-T495,3er
D091,Thu,795,15:15,19:45,4.50,B1-T795,1er
D091,Fri,927,08:15,12:45,4.50,B1-T927,1er
D091,Sat,1192,06:15,10:45,4.50,B1-T1192,1er
D092,Tue,408,15:00,19:30,4.50,B1-T408,1er
D092,Wed,508,08:15,12:45,4.50,B3-T508,3er
D092,Wed,579,13:15,17:45,4.50,B3-T508,3er
D092,Wed,655,18:15,22:45,4.50,B3-T508,3er
D092,Fri,899,06:45,11:15,4.50,B3-T899,3er
D092,Fri,996,12:00,16:30,4.50,B3-T899,3er
D092,Fri,1111,17:30,22:00,4.50,B3-T899,3er
D092,Sat,1239,09:00,13:30,4.50,B2R-T1239,2er-reg
D092,Sat,1325,14:30,19:00,4.50,B2R-T1239,2er-reg
D093,Mon,50,05:30,10:00,4.50,B1-T50,1er
D093,Wed,479,05:30,10:00,4.50,B2R-T479,2er-reg
D093,Wed,547,10:30,15:00,4.50,B2R-T479,2er-reg
D093,Thu,677,05:30,10:00,4.50,B1-T677,1er
D093,Fri,853,04:45,09:15,4.50,B3-T853,3er
D093,Fri,961,10:15,14:45,4.50,B3-T853,3er
D093,Fri,1069,15:30,20:00,4.50,B3-T853,3er
D093,Sat,1204,07:00,11:30,4.50,B2R-T1204,2er-reg
D093,Sat,1286,12:00,16:30,4.50,B2R-T1204,2er-reg
D094,Mon,75,07:45,12:15,4.50,B3-T75,3er
D094,Mon,158,13:00,17:30,4.50,B3-T75,3er
D094,Mon,255,18:30,23:00,4.50,B3-T75,3er
D094,Tue,449,17:45,22:15,4.50,B1-T449,1er
D094,Wed,569,13:00,17:30,4.50,B2R-T569,2er-reg
D094,Wed,652,18:00,22:30,4.50,B2R-T569,2er-reg
D094,Fri,867,05:15,09:45,4.50,B3-T867,3er
D094,Fri,971,10:30,15:00,4.50,B3-T867,3er
D094,Fri,1074,15:30,20:00,4.50,B3-T867,3er
D094,Sat,1221,07:30,12:00,4.50,B1-T1221,1er
D095,Mon,76,07:45,12:15,4.50,B3-T76,3er
D095,Mon,161,13:15,17:45,4.50,B3-T76,3er
D095,Mon,257,18:30,23:00,4.50,B3-T76,3er
D095,Tue,448,17:45,22:15,4.50,B1-T448,1er
D095,Thu,760,12:15,16:45,4.50,B2R-T760,2er-reg
D095,Thu,832,17:30,22:00,4.50,B2R-T760,2er-reg
D095,Fri,1056,14:45,19:15,4.50,B1-T1056,1er
D095,Sat,1182,06:15,10:45,4.50,B3-T1182,3er
D095,Sat,1283,11:45,16:15,4.50,B3-T1182,3er
D095,Sat,1384,17:00,21:30,4.50,B3-T1182,3er
D096,Mon,56,05:45,10:15,4.50,B1-T56,1er
D096,Tue,426,16:45,21:15,4.50,B1-T426,1er
D096,Wed,525,08:30,13:00,4.50,B1-T525,1er
D096,Thu,660,04:45,09:15,4.50,B3-T660,3er
D096,Thu,737,10:15,14:45,4.50,B3-T660,3er
D096,Thu,808,15:30,20:00,4.50,B3-T660,3er
D096,Fri,1051,14:45,19:15,4.50,B1-T1051,1er
D096,Sat,1196,06:30,11:00,4.50,B2R-T1196,2er-reg
D096,Sat,1291,12:00,16:30,4.50,B2R-T1196,2er-reg
D097,Mon,78,07:45,12:15,4.50,B2S-T78,2er-split
D097,Mon,247,18:15,22:45,4.50,B2S-T78,2er-split
D097,Tue,395,14:30,19:00,4.50,B1-T395,1er
D097,Wed,521,08:30,13:00,4.50,B1-T521,1er
D097,Thu,663,04:45,09:15,4.50,B3-T663,3er
D097,Thu,733,10:15,14:45,4.50,B3-T663,3er
D097,Thu,805,15:15,19:45,4.50,B3-T663,3er
D097,Fri,923,08:15,12:45,4.50,B1-T923,1er
D097,Sat,1190,06:15,10:45,4.50,B1-T1190,1er
D098,Mon,79,08:00,12:30,4.50,B3-T79,3er
D098,Mon,163,13:30,18:00,4.50,B3-T79,3er
D098,Mon,254,18:30,23:00,4.50,B3-T79,3er
D098,Tue,424,16:45,21:15,4.50,B1-T424,1er
D098,Wed,524,08:30,13:00,4.50,B1-T524,1er
D098,Thu,679,05:45,10:15,4.50,B1-T679,1er
D098,Fri,919,08:00,12:30,4.50,B3-T919,3er
D098,Fri,1020,13:00,17:30,4.50,B3-T919,3er
D098,Fri,1140,18:15,22:45,4.50,B3-T919,3er
D098,Sat,1292,12:00,16:30,4.50,B1-T1292,1er
D099,Mon,80,08:00,12:30,4.50,B3-T80,3er
D099,Mon,164,13:30,18:00,4.50,B3-T80,3er
D099,Mon,258,18:30,23:00,4.50,B3-T80,3er
D099,Tue,406,14:45,19:15,4.50,B1-T406,1er
D099,Wed,496,07:00,11:30,4.50,B3-T496,3er
D099,Wed,565,12:15,16:45,4.50,B3-T496,3er
D099,Wed,644,17:45,22:15,4.50,B3-T496,3er
D099,Thu,756,12:00,16:30,4.50,B2R-T756,2er-reg
D099,Thu,825,17:30,22:00,4.50,B2R-T756,2er-reg
D099,Fri,1125,18:00,22:30,4.50,B1-T1125,1er
D099,Sat,1353,15:30,20:00,4.50,B1-T1353,1er
D100,Tue,405,14:45,19:15,4.50,B1-T405,1er
D100,Wed,498,07:00,11:30,4.50,B3-T498,3er
D100,Wed,561,12:00,16:30,4.50,B3-T498,3er
D100,Wed,633,17:30,22:00,4.50,B3-T498,3er
D100,Thu,748,11:45,16:15,4.50,B2R-T748,2er-reg
D100,Thu,817,16:45,21:15,4.50,B2R-T748,2er-reg
D100,Fri,920,08:15,12:45,4.50,B3-T920,3er
D100,Fri,1026,13:15,17:45,4.50,B3-T920,3er
D100,Fri,1144,18:30,23:00,4.50,B3-T920,3er
D100,Sat,1357,15:45,20:15,4.50,B1-T1357,1er
D101,Mon,84,08:15,12:45,4.50,B2R-T84,2er-reg
D101,Mon,166,13:45,18:15,4.50,B2R-T84,2er-reg
D101,Tue,273,05:15,09:45,4.50,B3-T273,3er
D101,Tue,354,10:45,15:15,4.50,B3-T273,3er
D101,Tue,423,16:15,20:45,4.50,B3-T273,3er
D101,Wed,518,08:30,13:00,4.50,B1-T518,1er
D101,Thu,680,05:45,10:15,4.50,B1-T680,1er
D101,Fri,892,06:00,10:30,4.50,B1-T892,1er
D101,Sat,1229,07:45,12:15,4.50,B1-T1229,1er
D102,Mon,83,08:00,12:30,4.50,B1-T83,1er
D102,Tue,275,05:15,09:45,4.50,B2R-T275,2er-reg
D102,Tue,355,10:45,15:15,4.50,B2R-T275,2er-reg
D102,Wed,607,15:00,19:30,4.50,B1-T607,1er
D102,Thu,697,07:15,11:45,4.50,B3-T697,3er
D102,Thu,765,12:45,17:15,4.50,B3-T697,3er
D102,Thu,839,18:00,22:30,4.50,B3-T697,3er
D102,Fri,1021,13:00,17:30,4.50,B2R-T1021,2er-reg
D102,Fri,1122,18:00,22:30,4.50,B2R-T1021,2er-reg
D102,Sat,1267,10:00,14:30,4.50,B2R-T1267,2er-reg
D102,Sat,1352,15:30,20:00,4.50,B2R-T1267,2er-reg
D103,Mon,82,08:00,12:30,4.50,B1-T82,1er
D103,Tue,297,06:00,10:30,4.50,B1-T297,1er
D103,Wed,471,05:15,09:45,4.50,B3-T471,3er
D103,Wed,554,10:45,15:15,4.50,B3-T471,3er
D103,Wed,615,16:00,20:30,4.50,B3-T471,3er
D103,Thu,710,08:15,12:45,4.50,B1-T710,1er
D103,Fri,877,05:30,10:00,4.50,B3-T877,3er
D103,Fri,988,11:00,15:30,4.50,B3-T877,3er
D103,Fri,1089,16:30,21:00,4.50,B3-T877,3er
D103,Sat,1253,09:00,13:30,4.50,B1-T1253,1er
D104,Mon,85,08:15,12:45,4.50,B2R-T85,2er-reg
D104,Mon,167,13:45,18:15,4.50,B2R-T85,2er-reg
D104,Tue,289,05:45,10:15,4.50,B1-T289,1er
D104,Wed,488,05:45,10:15,4.50,B1-T488,1er
D104,Thu,689,06:00,10:30,4.50,B1-T689,1er
D104,Fri,862,05:15,09:45,4.50,B3-T862,3er
D104,Fri,977,10:45,15:15,4.50,B3-T862,3er
D104,Fri,1081,16:00,20:30,4.50,B3-T862,3er
D104,Sat,1214,07:30,12:00,4.50,B2R-T1214,2er-reg
D104,Sat,1315,13:00,17:30,4.50,B2R-T1214,2er-reg
D105,Mon,53,05:45,10:15,4.50,B2R-T53,2er-reg
D105,Mon,137,11:15,15:45,4.50,B2R-T53,2er-reg
D105,Tue,283,05:30,10:00,4.50,B1-T283,1er
D105,Wed,635,17:45,22:15,4.50,B1-T635,1er
D105,Thu,758,12:00,16:30,4.50,B2R-T758,2er-reg
D105,Thu,824,17:30,22:00,4.50,B2R-T758,2er-reg
D105,Fri,1059,14:45,19:15,4.50,B1-T1059,1er
D105,Sat,1198,06:45,11:15,4.50,B2R-T1198,2er-reg
D105,Sat,1296,12:15,16:45,4.50,B2R-T1198,2er-reg
D106,Mon,54,05:45,10:15,4.50,B2R-T54,2er-reg
D106,Mon,139,11:15,15:45,4.50,B2R-T54,2er-reg
D106,Tue,280,05:30,10:00,4.50,B2R-T280,2er-reg
D106,Tue,359,11:00,15:30,4.50,B2R-T280,2er-reg
D106,Wed,510,08:15,12:45,4.50,B1-T510,1er
D106,Thu,722,08:30,13:00,4.50,B1-T722,1er
D106,Fri,880,05:45,10:15,4.50,B2R-T880,2er-reg
D106,Fri,979,10:45,15:15,4.50,B2R-T880,2er-reg
D106,Sat,1171,05:45,10:15,4.50,B1-T1171,1er
D107,Mon,88,08:15,12:45,4.50,B1-T88,1er
D107,Tue,279,05:30,10:00,4.50,B2R-T279,2er-reg
D107,Tue,357,11:00,15:30,4.50,B2R-T279,2er-reg
D107,Wed,576,13:00,17:30,4.50,B1-T576,1er
D107,Thu,690,06:00,10:30,4.50,B1-T690,1er
D107,Fri,861,05:15,09:45,4.50,B3-T861,3er
D107,Fri,958,10:15,14:45,4.50,B3-T861,3er
D107,Fri,1064,15:15,19:45,4.50,B3-T861,3er
D107,Sat,1218,07:30,12:00,4.50,B2R-T1218,2er-reg
D107,Sat,1314,13:00,17:30,4.50,B2R-T1218,2er-reg
D108,Mon,3,04:45,09:15,4.50,B3-T3,3er
D108,Mon,120,10:00,14:30,4.50,B3-T3,3er
D108,Mon,192,15:00,19:30,4.50,B3-T3,3er
D108,Tue,443,17:30,22:00,4.50,B1-T443,1er
D108,Wed,600,14:45,19:15,4.50,B1-T600,1er
D108,Thu,792,15:00,19:30,4.50,B1-T792,1er
D108,Fri,918,08:00,12:30,4.50,B3-T918,3er
D108,Fri,1025,13:00,17:30,4.50,B3-T918,3er
D108,Fri,1131,18:00,22:30,4.50,B3-T918,3er
D108,Sat,1295,12:00,16:30,4.50,B1-T1295,1er
D109,Mon,90,08:15,12:45,4.50,B1-T90,1er
D109,Tue,441,17:30,22:00,4.50,B1-T441,1er
D109,Wed,601,14:45,19:15,4.50,B1-T601,1er
D109,Thu,701,08:00,12:30,4.50,B3-T701,3er
D109,Thu,768,13:00,17:30,4.50,B3-T701,3er
D109,Thu,840,18:00,22:30,4.50,B3-T701,3er
D109,Fri,1023,13:00,17:30,4.50,B2R-T1023,2er-reg
D109,Fri,1123,18:00,22:30,4.50,B2R-T1023,2er-reg
D109,Sat,1265,10:00,14:30,4.50,B2R-T1265,2er-reg
D109,Sat,1338,15:00,19:30,4.50,B2R-T1265,2er-reg
D110,Mon,91,08:15,12:45,4.50,B1-T91,1er
D110,Tue,278,05:30,10:00,4.50,B2R-T278,2er-reg
D110,Tue,358,11:00,15:30,4.50,B2R-T278,2er-reg
D110,Wed,509,08:15,12:45,4.50,B2R-T509,2er-reg
D110,Wed,578,13:15,17:45,4.50,B2R-T509,2er-reg
D110,Thu,674,05:30,10:00,4.50,B1-T674,1er
D110,Fri,1062,15:00,19:30,4.50,B1-T1062,1er
D110,Sat,1217,07:30,12:00,4.50,B2R-T1217,2er-reg
D110,Sat,1312,12:45,17:15,4.50,B2R-T1217,2er-reg
D111,Mon,92,08:30,13:00,4.50,B2R-T92,2er-reg
D111,Mon,168,14:00,18:30,4.50,B2R-T92,2er-reg
D111,Tue,287,05:45,10:15,4.50,B1-T287,1er
D111,Wed,575,13:00,17:30,4.50,B1-T575,1er
D111,Thu,691,06:00,10:30,4.50,B1-T691,1er
D111,Fri,860,05:15,09:45,4.50,B3-T860,3er
D111,Fri,972,10:30,15:00,4.50,B3-T860,3er
D111,Fri,1073,15:30,20:00,4.50,B3-T860,3er
D111,Sat,1210,07:15,11:45,4.50,B2R-T1210,2er-reg
D111,Sat,1302,12:30,17:00,4.50,B2R-T1210,2er-reg
D112,Mon,93,08:30,13:00,4.50,B2R-T93,2er-reg
D112,Mon,171,14:00,18:30,4.50,B2R-T93,2er-reg
D112,Tue,286,05:45,10:15,4.50,B1-T286,1er
D112,Wed,489,05:45,10:15,4.50,B1-T489,1er
D112,Thu,664,05:00,09:30,4.50,B3-T664,3er
D112,Thu,739,10:30,15:00,4.50,B3-T664,3er
D112,Thu,807,15:30,20:00,4.50,B3-T664,3er
D112,Fri,945,08:45,13:15,4.50,B2R-T945,2er-reg
D112,Fri,1037,14:15,18:45,4.50,B2R-T945,2er-reg
D112,Sat,1172,05:45,10:15,4.50,B1-T1172,1er
D113,Mon,94,08:30,13:00,4.50,B2R-T94,2er-reg
D113,Mon,170,14:00,18:30,4.50,B2R-T94,2er-reg
D113,Tue,295,06:00,10:30,4.50,B1-T295,1er
D113,Wed,466,04:45,09:15,4.50,B3-T466,3er
D113,Wed,531,10:00,14:30,4.50,B3-T466,3er
D113,Wed,605,15:00,19:30,4.50,B3-T466,3er
D113,Fri,885,06:00,10:30,4.50,B2S-T885,2er-split
D113,Fri,1094,16:30,21:00,4.50,B2S-T885,2er-split
D113,Sat,1236,08:45,13:15,4.50,B2R-T1236,2er-reg
D113,Sat,1320,14:15,18:45,4.50,B2R-T1236,2er-reg
D114,Mon,95,08:30,13:00,4.50,B2R-T95,2er-reg
D114,Mon,169,14:00,18:30,4.50,B2R-T95,2er-reg
D114,Tue,296,06:00,10:30,4.50,B1-T296,1er
D114,Wed,465,04:45,09:15,4.50,B3-T465,3er
D114,Wed,532,10:00,14:30,4.50,B3-T465,3er
D114,Wed,606,15:00,19:30,4.50,B3-T465,3er
D114,Fri,924,08:15,12:45,4.50,B1-T924,1er
D114,Sat,1156,05:30,10:00,4.50,B3-T1156,3er
D114,Sat,1276,11:00,15:30,4.50,B3-T1156,3er
D114,Sat,1376,16:30,21:00,4.50,B3-T1156,3er
D115,Mon,96,08:30,13:00,4.50,B2R-T96,2er-reg
D115,Mon,172,14:00,18:30,4.50,B2R-T96,2er-reg
D115,Tue,290,05:45,10:15,4.50,B1-T290,1er
D115,Wed,469,05:00,09:30,4.50,B3-T469,3er
D115,Wed,545,10:30,15:00,4.50,B3-T469,3er
D115,Wed,613,16:00,20:30,4.50,B3-T469,3er
D115,Thu,763,12:15,16:45,4.50,B2R-T763,2er-reg
D115,Thu,821,17:15,21:45,4.50,B2R-T763,2er-reg
D115,Fri,940,08:45,13:15,4.50,B2R-T940,2er-reg
D115,Fri,1034,14:15,18:45,4.50,B2R-T940,2er-reg
D115,Sat,1165,05:45,10:15,4.50,B1-T1165,1er
D116,Mon,97,08:45,13:15,4.50,B2R-T97,2er-reg
D116,Mon,180,14:15,18:45,4.50,B2R-T97,2er-reg
D116,Tue,300,06:30,11:00,4.50,B3-T300,3er
D116,Tue,366,12:00,16:30,4.50,B3-T300,3er
D116,Tue,435,17:30,22:00,4.50,B3-T300,3er
D116,Wed,603,14:45,19:15,4.50,B1-T603,1er
D116,Thu,728,08:45,13:15,4.50,B1-T728,1er
D116,Fri,857,05:00,09:30,4.50,B3-T857,3er
D116,Fri,973,10:30,15:00,4.50,B3-T857,3er
D116,Fri,1077,15:45,20:15,4.50,B3-T857,3er
D116,Sat,1222,07:30,12:00,4.50,B1-T1222,1er
D117,Mon,98,08:45,13:15,4.50,B2R-T98,2er-reg
D117,Mon,174,14:15,18:45,4.50,B2R-T98,2er-reg
D117,Tue,437,17:30,22:00,4.50,B1-T437,1er
D117,Wed,590,14:45,19:15,4.50,B1-T590,1er
D117,Thu,766,13:00,17:30,4.50,B2R-T766,2er-reg
D117,Thu,842,18:00,22:30,4.50,B2R-T766,2er-reg
D117,Fri,1022,13:00,17:30,4.50,B2R-T1022,2er-reg
D117,Fri,1135,18:00,22:30,4.50,B2R-T1022,2er-reg
D117,Sat,1266,10:00,14:30,4.50,B2R-T1266,2er-reg
D117,Sat,1342,15:15,19:45,4.50,B2R-T1266,2er-reg
D118,Mon,99,08:45,13:15,4.50,B2R-T99,2er-reg
D118,Mon,177,14:15,18:45,4.50,B2R-T99,2er-reg
D118,Tue,434,17:30,22:00,4.50,B1-T434,1er
D118,Wed,591,14:45,19:15,4.50,B1-T591,1er
D118,Thu,702,08:00,12:30,4.50,B3-T702,3er
D118,Thu,767,13:00,17:30,4.50,B3-T702,3er
D118,Thu,844,18:00,22:30,4.50,B3-T702,3er
D118,Fri,959,10:15,14:45,4.50,B1-T959,1er
D118,Sat,1158,05:30,10:00,4.50,B2S-T1158,2er-split
D118,Sat,1365,16:00,20:30,4.50,B2S-T1158,2er-split
D119,Mon,100,08:45,13:15,4.50,B2R-T100,2er-reg
D119,Mon,175,14:15,18:45,4.50,B2R-T100,2er-reg
D119,Tue,294,06:00,10:30,4.50,B1-T294,1er
D119,Wed,467,04:45,09:15,4.50,B3-T467,3er
D119,Wed,533,10:15,14:45,4.50,B3-T467,3er
D119,Wed,612,15:45,20:15,4.50,B3-T467,3er
D119,Thu,723,08:45,13:15,4.50,B2R-T723,2er-reg
D119,Thu,778,14:15,18:45,4.50,B2R-T723,2er-reg
D119,Fri,882,06:00,10:30,4.50,B2S-T882,2er-split
D119,Fri,1090,16:30,21:00,4.50,B2S-T882,2er-split
D119,Sat,1251,09:00,13:30,4.50,B1-T1251,1er
D120,Mon,101,08:45,13:15,4.50,B2R-T101,2er-reg
D120,Mon,173,14:15,18:45,4.50,B2R-T101,2er-reg
D120,Tue,309,07:30,12:00,4.50,B3-T309,3er
D120,Tue,374,12:45,17:15,4.50,B3-T309,3er
D120,Tue,451,17:45,22:15,4.50,B3-T309,3er
D120,Wed,571,13:00,17:30,4.50,B1-T571,1er
D120,Fri,859,05:15,09:45,4.50,B3-T859,3er
D120,Fri,981,10:45,15:15,4.50,B3-T859,3er
D120,Fri,1085,16:15,20:45,4.50,B3-T859,3er
D120,Sat,1226,07:45,12:15,4.50,B2R-T1226,2er-reg
D120,Sat,1316,13:15,17:45,4.50,B2R-T1226,2er-reg
D121,Mon,102,09:00,13:30,4.50,B2R-T102,2er-reg
D121,Mon,179,14:15,18:45,4.50,B2R-T102,2er-reg
D121,Tue,292,05:45,10:15,4.50,B1-T292,1er
D121,Wed,493,06:00,10:30,4.50,B1-T493,1er
D121,Thu,666,05:00,09:30,4.50,B1-T666,1er
D121,Fri,858,05:15,09:45,4.50,B3-T858,3er
D121,Fri,985,10:45,15:15,4.50,B3-T858,3er
D121,Fri,1079,15:45,20:15,4.50,B3-T858,3er
D121,Sat,1208,07:15,11:45,4.50,B2R-T1208,2er-reg
D121,Sat,1311,12:45,17:15,4.50,B2R-T1208,2er-reg
D122,Mon,103,09:00,13:30,4.50,B2R-T103,2er-reg
D122,Mon,182,14:30,19:00,4.50,B2R-T103,2er-reg
D122,Tue,404,14:45,19:15,4.50,B1-T404,1er
D122,Wed,499,07:00,11:30,4.50,B3-T499,3er
D122,Wed,562,12:00,16:30,4.50,B3-T499,3er
D122,Wed,628,17:15,21:45,4.50,B3-T499,3er
D122,Thu,783,14:30,19:00,4.50,B1-T783,1er
D122,Fri,900,06:45,11:15,4.50,B3-T900,3er
D122,Fri,999,12:00,16:30,4.50,B3-T900,3er
D122,Fri,1108,17:15,21:45,4.50,B3-T900,3er
D122,Sat,1254,09:00,13:30,4.50,B1-T1254,1er
D123,Mon,104,09:00,13:30,4.50,B2R-T104,2er-reg
D123,Mon,178,14:15,18:45,4.50,B2R-T104,2er-reg
D123,Tue,291,05:45,10:15,4.50,B1-T291,1er
D123,Wed,507,08:00,12:30,4.50,B3-T507,3er
D123,Wed,577,13:00,17:30,4.50,B3-T507,3er
D123,Wed,656,18:30,23:00,4.50,B3-T507,3er
D123,Thu,837,17:45,22:15,4.50,B1-T837,1er
D123,Fri,1018,13:00,17:30,4.50,B2R-T1018,2er-reg
D123,Fri,1124,18:00,22:30,4.50,B2R-T1018,2er-reg
D123,Sat,1269,10:00,14:30,4.50,B2R-T1269,2er-reg
D123,Sat,1344,15:15,19:45,4.50,B2R-T1269,2er-reg
D124,Mon,105,09:00,13:30,4.50,B2R-T105,2er-reg
D124,Mon,176,14:15,18:45,4.50,B2R-T105,2er-reg
D124,Tue,301,06:30,11:00,4.50,B3-T301,3er
D124,Tue,362,12:00,16:30,4.50,B3-T301,3er
D124,Tue,439,17:30,22:00,4.50,B3-T301,3er
D124,Wed,602,14:45,19:15,4.50,B1-T602,1er
D124,Thu,696,07:00,11:30,4.50,B3-T696,3er
D124,Thu,762,12:15,16:45,4.50,B3-T696,3er
D124,Thu,835,17:45,22:15,4.50,B3-T696,3er
D124,Fri,1060,15:00,19:30,4.50,B1-T1060,1er
D124,Sat,1211,07:15,11:45,4.50,B2R-T1211,2er-reg
D124,Sat,1310,12:45,17:15,4.50,B2R-T1211,2er-reg
D125,Mon,106,09:15,13:45,4.50,B2R-T106,2er-reg
D125,Mon,181,14:30,19:00,4.50,B2R-T106,2er-reg
D125,Tue,310,07:45,12:15,4.50,B3-T310,3er
D125,Tue,377,13:15,17:45,4.50,B3-T310,3er
D125,Tue,460,18:30,23:00,4.50,B3-T310,3er
D125,Wed,597,14:45,19:15,4.50,B1-T597,1er
D125,Thu,694,06:45,11:15,4.50,B3-T694,3er
D125,Thu,764,12:15,16:45,4.50,B3-T694,3er
D125,Thu,830,17:30,22:00,4.50,B3-T694,3er
D125,Fri,1049,14:45,19:15,4.50,B1-T1049,1er
D125,Sat,1187,06:15,10:45,4.50,B1-T1187,1er
D126,Mon,107,09:15,13:45,4.50,B2R-T107,2er-reg
D126,Mon,185,14:30,19:00,4.50,B2R-T107,2er-reg
D126,Tue,293,06:00,10:30,4.50,B1-T293,1er
D126,Wed,462,04:45,09:15,4.50,B3-T462,3er
D126,Wed,536,10:15,14:45,4.50,B3-T462,3er
D126,Wed,609,15:15,19:45,4.50,B3-T462,3er
D126,Thu,715,08:30,13:00,4.50,B1-T715,1er
D126,Fri,852,04:45,09:15,4.50,B3-T852,3er
D126,Fri,960,10:15,14:45,4.50,B3-T852,3er
D126,Fri,1078,15:45,20:15,4.50,B3-T852,3er
D126,Sat,1207,07:15,11:45,4.50,B2R-T1207,2er-reg
D126,Sat,1305,12:30,17:00,4.50,B2R-T1207,2er-reg
D127,Mon,108,09:15,13:45,4.50,B2R-T108,2er-reg
D127,Mon,189,14:45,19:15,4.50,B2R-T108,2er-reg
D127,Tue,299,06:15,10:45,4.50,B3-T299,3er
D127,Tue,360,11:45,16:15,4.50,B3-T299,3er
D127,Tue,427,17:00,21:30,4.50,B3-T299,3er
D127,Wed,650,17:45,22:15,4.50,B1-T650,1er
D127,Thu,793,15:00,19:30,4.50,B1-T793,1er
D127,Fri,917,08:00,12:30,4.50,B3-T917,3er
D127,Fri,1016,13:00,17:30,4.50,B3-T917,3er
D127,Fri,1129,18:00,22:30,4.50,B3-T917,3er
D127,Sat,1340,15:00,19:30,4.50,B1-T1340,1er
D128,Mon,109,09:15,13:45,4.50,B2R-T109,2er-reg
D128,Mon,187,14:45,19:15,4.50,B2R-T109,2er-reg
D128,Tue,407,15:00,19:30,4.50,B1-T407,1er
D128,Wed,502,07:00,11:30,4.50,B3-T502,3er
D128,Wed,560,12:00,16:30,4.50,B3-T502,3er
D128,Wed,630,17:30,22:00,4.50,B3-T502,3er
D128,Thu,838,17:45,22:15,4.50,B1-T838,1er
D128,Fri,1058,14:45,19:15,4.50,B1-T1058,1er
D128,Sat,1200,06:45,11:15,4.50,B2R-T1200,2er-reg
D128,Sat,1300,12:15,16:45,4.50,B2R-T1200,2er-reg
D129,Mon,110,09:15,13:45,4.50,B2R-T110,2er-reg
D129,Mon,186,14:45,19:15,4.50,B2R-T110,2er-reg
D129,Tue,305,07:00,11:30,4.50,B3-T305,3er
D129,Tue,369,12:00,16:30,4.50,B3-T305,3er
D129,Tue,446,17:30,22:00,4.50,B3-T305,3er
D129,Wed,599,14:45,19:15,4.50,B1-T599,1er
D129,Thu,695,07:00,11:30,4.50,B3-T695,3er
D129,Thu,757,12:00,16:30,4.50,B3-T695,3er
D129,Thu,833,17:30,22:00,4.50,B3-T695,3er
D129,Fri,1050,14:45,19:15,4.50,B1-T1050,1er
D129,Sat,1189,06:15,10:45,4.50,B1-T1189,1er
D130,Mon,111,09:30,14:00,4.50,B2R-T111,2er-reg
D130,Mon,183,14:30,19:00,4.50,B2R-T111,2er-reg
D130,Tue,303,06:45,11:15,4.50,B3-T303,3er
D130,Tue,373,12:15,16:45,4.50,B3-T303,3er
D130,Tue,433,17:15,21:45,4.50,B3-T303,3er
D130,Thu,673,05:30,10:00,4.50,B2R-T673,2er-reg
D130,Thu,740,10:45,15:15,4.50,B2R-T673,2er-reg
D130,Fri,912,07:00,11:30,4.50,B1-T912,1er
D130,Sat,1153,05:15,09:45,4.50,B3-T1153,3er
D130,Sat,1274,10:30,15:00,4.50,B3-T1153,3er
D130,Sat,1360,15:45,20:15,4.50,B3-T1153,3er
D131,Mon,112,09:30,14:00,4.50,B2R-T112,2er-reg
D131,Mon,190,14:45,19:15,4.50,B2R-T112,2er-reg
D131,Tue,304,07:00,11:30,4.50,B3-T304,3er
D131,Tue,372,12:15,16:45,4.50,B3-T304,3er
D131,Tue,432,17:15,21:45,4.50,B3-T304,3er
D131,Wed,586,14:30,19:00,4.50,B1-T586,1er
D131,Thu,726,08:45,13:15,4.50,B2R-T726,2er-reg
D131,Thu,780,14:15,18:45,4.50,B2R-T726,2er-reg
D131,Fri,895,06:15,10:45,4.50,B3-T895,3er
D131,Fri,995,11:45,16:15,4.50,B3-T895,3er
D131,Fri,1107,16:45,21:15,4.50,B3-T895,3er
D131,Sat,1243,09:00,13:30,4.50,B2R-T1243,2er-reg
D131,Sat,1321,14:30,19:00,4.50,B2R-T1243,2er-reg
D132,Mon,149,12:00,16:30,4.50,B2R-T149,2er-reg
D132,Mon,234,17:30,22:00,4.50,B2R-T149,2er-reg
D132,Tue,402,14:45,19:15,4.50,B1-T402,1er
D132,Wed,497,07:00,11:30,4.50,B3-T497,3er
D132,Wed,563,12:00,16:30,4.50,B3-T497,3er
D132,Wed,624,17:00,21:30,4.50,B3-T497,3er
D132,Thu,801,15:15,19:45,4.50,B1-T801,1er
D132,Fri,909,07:00,11:30,4.50,B3-T909,3er
D132,Fri,1007,12:15,16:45,4.50,B3-T909,3er
D132,Fri,1120,17:45,22:15,4.50,B3-T909,3er
D132,Sat,1364,16:00,20:30,4.50,B1-T1364,1er
D133,Mon,153,12:15,16:45,4.50,B2R-T153,2er-reg
D133,Mon,240,17:45,22:15,4.50,B2R-T153,2er-reg
D133,Tue,365,12:00,16:30,4.50,B2R-T365,2er-reg
D133,Tue,442,17:30,22:00,4.50,B2R-T365,2er-reg
D133,Wed,594,14:45,19:15,4.50,B1-T594,1er
D133,Thu,724,08:45,13:15,4.50,B2R-T724,2er-reg
D133,Thu,779,14:15,18:45,4.50,B2R-T724,2er-reg
D133,Fri,887,06:00,10:30,4.50,B2S-T887,2er-split
D133,Fri,1099,16:30,21:00,4.50,B2S-T887,2er-split
D133,Sat,1234,08:30,13:00,4.50,B1-T1234,1er
D134,Mon,184,14:30,19:00,4.50,B1-T184,1er
D134,Tue,302,06:45,11:15,4.50,B3-T302,3er
D134,Tue,364,12:00,16:30,4.50,B3-T302,3er
D134,Tue,430,17:00,21:30,4.50,B3-T302,3er
D134,Wed,647,17:45,22:15,4.50,B1-T647,1er
D134,Thu,754,12:00,16:30,4.50,B2R-T754,2er-reg
D134,Thu,822,17:15,21:45,4.50,B2R-T754,2er-reg
D134,Fri,941,08:45,13:15,4.50,B2R-T941,2er-reg
D134,Fri,1040,14:15,18:45,4.50,B2R-T941,2er-reg
D134,Sat,1164,05:45,10:15,4.50,B2S-T1164,2er-split
D134,Sat,1369,16:15,20:45,4.50,B2S-T1164,2er-split
D135,Mon,191,15:00,19:30,4.50,B1-T191,1er
D135,Tue,306,07:15,11:45,4.50,B3-T306,3er
D135,Tue,375,12:45,17:15,4.50,B3-T306,3er
D135,Tue,454,18:00,22:30,4.50,B3-T306,3er
D135,Wed,539,10:15,14:45,4.50,B1-T539,1er
D135,Thu,669,05:30,10:00,4.50,B3-T669,3er
D135,Thu,742,10:45,15:15,4.50,B3-T669,3er
D135,Thu,809,15:45,20:15,4.50,B3-T669,3er
D135,Fri,937,08:30,13:00,4.50,B1-T937,1er
D135,Sat,1161,05:45,10:15,4.50,B2S-T1161,2er-split
D135,Sat,1370,16:15,20:45,4.50,B2S-T1161,2er-split
D136,Mon,227,17:00,21:30,4.50,B1-T227,1er
D136,Tue,337,09:15,13:45,4.50,B2R-T337,2er-reg
D136,Tue,393,14:30,19:00,4.50,B2R-T337,2er-reg
D136,Wed,530,08:45,13:15,4.50,B1-T530,1er
D136,Thu,688,06:00,10:30,4.50,B1-T688,1er
D136,Fri,863,05:15,09:45,4.50,B3-T863,3er
D136,Fri,975,10:30,15:00,4.50,B3-T863,3er
D136,Fri,1071,15:30,20:00,4.50,B3-T863,3er
D136,Sat,1209,07:15,11:45,4.50,B2R-T1209,2er-reg
D136,Sat,1303,12:30,17:00,4.50,B2R-T1209,2er-reg
D137,Mon,235,17:30,22:00,4.50,B1-T235,1er
D137,Tue,400,14:45,19:15,4.50,B1-T400,1er
D137,Wed,501,07:00,11:30,4.50,B3-T501,3er
D137,Wed,556,12:00,16:30,4.50,B3-T501,3er
D137,Wed,632,17:30,22:00,4.50,B3-T501,3er
D137,Thu,788,14:45,19:15,4.50,B1-T788,1er
D137,Fri,901,07:00,11:30,4.50,B3-T901,3er
D137,Fri,1000,12:00,16:30,4.50,B3-T901,3er
D137,Fri,1115,17:30,22:00,4.50,B3-T901,3er
D137,Sat,1238,09:00,13:30,4.50,B2R-T1238,2er-reg
D137,Sat,1317,14:15,18:45,4.50,B2R-T1238,2er-reg
D138,Mon,237,17:45,22:15,4.50,B1-T237,1er
D138,Tue,368,12:00,16:30,4.50,B2R-T368,2er-reg
D138,Tue,429,17:00,21:30,4.50,B2R-T368,2er-reg
D138,Wed,512,08:30,13:00,4.50,B2R-T512,2er-reg
D138,Wed,581,14:00,18:30,4.50,B2R-T512,2er-reg
D138,Thu,698,07:15,11:45,4.50,B3-T698,3er
D138,Thu,761,12:15,16:45,4.50,B3-T698,3er
D138,Thu,836,17:45,22:15,4.50,B3-T698,3er
D138,Fri,1024,13:00,17:30,4.50,B2R-T1024,2er-reg
D138,Fri,1134,18:00,22:30,4.50,B2R-T1024,2er-reg
D138,Sat,1261,10:00,14:30,4.50,B2R-T1261,2er-reg
D138,Sat,1337,15:00,19:30,4.50,B2R-T1261,2er-reg
D139,Mon,238,17:45,22:15,4.50,B1-T238,1er
D139,Tue,367,12:00,16:30,4.50,B2R-T367,2er-reg
D139,Tue,445,17:30,22:00,4.50,B2R-T367,2er-reg
D139,Wed,593,14:45,19:15,4.50,B1-T593,1er
D139,Thu,725,08:45,13:15,4.50,B2R-T725,2er-reg
D139,Thu,776,14:15,18:45,4.50,B2R-T725,2er-reg
D139,Fri,886,06:00,10:30,4.50,B2S-T886,2er-split
D139,Fri,1103,16:30,21:00,4.50,B2S-T886,2er-split
D139,Sat,1235,08:30,13:00,4.50,B1-T1235,1er
D140,Mon,239,17:45,22:15,4.50,B1-T239,1er
D140,Tue,363,12:00,16:30,4.50,B2R-T363,2er-reg
D140,Tue,436,17:30,22:00,4.50,B2R-T363,2er-reg
D140,Wed,595,14:45,19:15,4.50,B1-T595,1er
D140,Thu,794,15:00,19:30,4.50,B1-T794,1er
D140,Fri,915,08:00,12:30,4.50,B3-T915,3er
D140,Fri,1015,13:00,17:30,4.50,B3-T915,3er
D140,Fri,1130,18:00,22:30,4.50,B3-T915,3er
D140,Sat,1362,16:00,20:30,4.50,B1-T1362,1er
D141,Mon,243,18:00,22:30,4.50,B1-T243,1er
D141,Tue,370,12:15,16:45,4.50,B2R-T370,2er-reg
D141,Tue,447,17:30,22:00,4.50,B2R-T370,2er-reg
D141,Wed,592,14:45,19:15,4.50,B1-T592,1er
D141,Thu,717,08:30,13:00,4.50,B1-T717,1er
D141,Fri,884,06:00,10:30,4.50,B2S-T884,2er-split
D141,Fri,1098,16:30,21:00,4.50,B2S-T884,2er-split
D141,Sat,1237,08:45,13:15,4.50,B2R-T1237,2er-reg
D141,Sat,1319,14:15,18:45,4.50,B2R-T1237,2er-reg
D142,Mon,246,18:15,22:45,4.50,B1-T246,1er
D142,Tue,394,14:30,19:00,4.50,B1-T394,1er
D142,Wed,522,08:30,13:00,4.50,B1-T522,1er
D142,Thu,662,04:45,09:15,4.50,B3-T662,3er
D142,Thu,738,10:15,14:45,4.50,B3-T662,3er
D142,Thu,804,15:15,19:45,4.50,B3-T662,3er
D142,Fri,925,08:15,12:45,4.50,B1-T925,1er
D142,Sat,1155,05:30,10:00,4.50,B3-T1155,3er
D142,Sat,1277,11:00,15:30,4.50,B3-T1155,3er
D142,Sat,1367,16:15,20:45,4.50,B3-T1155,3er
D143,Mon,249,18:15,22:45,4.50,B1-T249,1er
D143,Tue,391,14:30,19:00,4.50,B1-T391,1er
D143,Wed,527,08:45,13:15,4.50,B2R-T527,2er-reg
D143,Wed,582,14:15,18:45,4.50,B2R-T527,2er-reg
D143,Thu,720,08:30,13:00,4.50,B1-T720,1er
D143,Fri,848,04:45,09:15,4.50,B3-T848,3er
D143,Fri,965,10:15,14:45,4.50,B3-T848,3er
D143,Fri,1075,15:30,20:00,4.50,B3-T848,3er
D143,Sat,1202,07:00,11:30,4.50,B2R-T1202,2er-reg
D143,Sat,1306,12:30,17:00,4.50,B2R-T1202,2er-reg
D144,Mon,250,18:15,22:45,4.50,B1-T250,1er
D144,Tue,390,14:30,19:00,4.50,B1-T390,1er
D144,Wed,528,08:45,13:15,4.50,B2R-T528,2er-reg
D144,Wed,583,14:15,18:45,4.50,B2R-T528,2er-reg
D144,Thu,716,08:30,13:00,4.50,B1-T716,1er
D144,Fri,851,04:45,09:15,4.50,B3-T851,3er
D144,Fri,956,09:45,14:15,4.50,B3-T851,3er
D144,Fri,1053,14:45,19:15,4.50,B3-T851,3er
D144,Sat,1197,06:30,11:00,4.50,B2R-T1197,2er-reg
D144,Sat,1293,12:00,16:30,4.50,B2R-T1197,2er-reg
D145,Mon,251,18:15,22:45,4.50,B1-T251,1er
D145,Tue,444,17:30,22:00,4.50,B1-T444,1er
D145,Wed,598,14:45,19:15,4.50,B1-T598,1er
D145,Thu,693,06:45,11:15,4.50,B3-T693,3er
D145,Thu,749,11:45,16:15,4.50,B3-T693,3er
D145,Thu,819,17:00,21:30,4.50,B3-T693,3er
D145,Fri,935,08:30,13:00,4.50,B2R-T935,2er-reg
D145,Fri,1031,14:00,18:30,4.50,B2R-T935,2er-reg
D145,Sat,1178,06:00,10:30,4.50,B1-T1178,1er
