driver_id,driver_type,day,duty_id,duty_start,duty_end,tour_ids,work_min,hours,days_worked
D_PT001,PT,0,seed_s_T_0_225_1,225,495,T_0_225_1,270,4.5,1
D_PT002,PT,0,seed_s_T_0_225_2,225,495,T_0_225_2,270,4.5,1
D_PT003,PT,0,seed_s_T_0_240_1,240,510,T_0_240_1,270,4.5,1
D_PT004,PT,0,seed_s_T_0_240_2,240,510,T_0_240_2,270,4.5,1
D_PT005,PT,0,seed_s_T_0_270_1,270,540,T_0_270_1,270,4.5,1
D_PT006,PT,0,seed_s_T_0_285_1,285,555,T_0_285_1,270,4.5,1
D_PT007,PT,0,seed_s_T_0_285_3,285,555,T_0_285_3,270,4.5,1
D_PT008,PT,0,seed_s_T_0_300_1,300,570,T_0_300_1,270,4.5,1
D_PT009,PT,0,seed_s_T_0_300_2,300,570,T_0_300_2,270,4.5,1
D_PT010,PT,0,seed_s_T_0_300_3,300,570,T_0_300_3,270,4.5,1
D_PT011,PT,0,seed_s_T_0_300_4,300,570,T_0_300_4,270,4.5,1
D_PT012,PT,0,seed_s_T_0_300_6,300,570,T_0_300_6,270,4.5,1
D_PT013,PT,0,seed_s_T_0_300_7,300,570,T_0_300_7,270,4.5,1
D_PT014,PT,0,seed_s_T_0_300_10,300,570,T_0_300_10,270,4.5,1
D_PT015,PT,0,seed_s_T_0_315_2,315,585,T_0_315_2,270,4.5,1
D_PT016,PT,0,seed_s_T_0_330_4,330,600,T_0_330_4,270,4.5,1
D_PT017,PT,0,seed_s_T_0_330_5,330,600,T_0_330_5,270,4.5,1
D_PT018,PT,0,seed_s_T_0_330_8,330,600,T_0_330_8,270,4.5,1
D_PT019,PT,0,seed_s_T_0_330_9,330,600,T_0_330_9,270,4.5,1
D_PT020,PT,0,seed_s_T_0_330_10,330,600,T_0_330_10,270,4.5,1
D_PT021,PT,0,seed_s_T_0_345_1,345,615,T_0_345_1,270,4.5,1
D_PT022,PT,0,seed_s_T_0_345_3,345,615,T_0_345_3,270,4.5,1
D_PT023,PT,0,seed_s_T_0_345_4,345,615,T_0_345_4,270,4.5,1
D_PT024,PT,0,seed_s_T_0_345_7,345,615,T_0_345_7,270,4.5,1
D_PT025,PT,0,seed_s_T_0_360_2,360,630,T_0_360_2,270,4.5,1
D_PT026,PT,0,seed_s_T_0_360_3,360,630,T_0_360_3,270,4.5,1
D_PT027,PT,0,seed_s_T_0_360_4,360,630,T_0_360_4,270,4.5,1
D_PT028,PT,0,seed_s_T_0_375_1,375,645,T_0_375_1,270,4.5,1
D_PT029,PT,0,seed_s_T_0_390_2,390,660,T_0_390_2,270,4.5,1
D_PT030,PT,0,seed_s_T_0_390_3,390,660,T_0_390_3,270,4.5,1
D_PT031,PT,0,seed_s_T_0_390_4,390,660,T_0_390_4,270,4.5,1
D_PT032,PT,0,seed_s_T_0_390_5,390,660,T_0_390_5,270,4.5,1
D_PT033,PT,0,seed_s_T_0_390_6,390,660,T_0_390_6,270,4.5,1
D_PT034,PT,0,seed_s_T_0_390_8,390,660,T_0_390_8,270,4.5,1
D_PT035,PT,0,seed_s_T_0_390_9,390,660,T_0_390_9,270,4.5,1
D_PT036,PT,0,seed_s_T_0_390_10,390,660,T_0_390_10,270,4.5,1
D_PT037,PT,0,seed_s_T_0_390_11,390,660,T_0_390_11,270,4.5,1
D_PT038,PT,0,seed_s_T_0_405_1,405,675,T_0_405_1,270,4.5,1
D_PT039,PT,0,seed_s_T_0_405_2,405,675,T_0_405_2,270,4.5,1
D_PT040,PT,0,seed_s_T_0_405_3,405,675,T_0_405_3,270,4.5,1
D_PT041,PT,0,seed_s_T_0_405_7,405,675,T_0_405_7,270,4.5,1
D_PT042,PT,0,seed_s_T_0_405_9,405,675,T_0_405_9,270,4.5,1
D_PT043,PT,0,seed_s_T_0_405_10,405,675,T_0_405_10,270,4.5,1
D_PT044,PT,0,seed_s_T_0_405_11,405,675,T_0_405_11,270,4.5,1
D_PT045,PT,0,seed_s_T_0_420_2,420,690,T_0_420_2,270,4.5,1
D_PT046,PT,0,seed_s_T_0_420_5,420,690,T_0_420_5,270,4.5,1
D_PT047,PT,0,seed_s_T_0_420_6,420,690,T_0_420_6,270,4.5,1
D_PT048,PT,0,seed_s_T_0_435_1,435,705,T_0_435_1,270,4.5,1
D_PT049,PT,0,seed_s_T_0_435_2,435,705,T_0_435_2,270,4.5,1
D_PT050,PT,0,seed_s_T_0_450_1,450,720,T_0_450_1,270,4.5,1
D_PT051,PT,0,seed_s_T_0_465_2,465,735,T_0_465_2,270,4.5,1
D_PT052,PT,0,seed_s_T_0_480_1,480,750,T_0_480_1,270,4.5,1
D_PT053,PT,0,seed_s_T_0_495_1,495,765,T_0_495_1,270,4.5,1
D_PT054,PT,0,seed_s_T_0_495_2,495,765,T_0_495_2,270,4.5,1
D_PT055,PT,0,seed_s_T_0_495_4,495,765,T_0_495_4,270,4.5,1
D_PT056,PT,0,seed_s_T_0_495_7,495,765,T_0_495_7,270,4.5,1
D_PT057,PT,0,seed_s_T_0_495_8,495,765,T_0_495_8,270,4.5,1
D_PT058,PT,0,seed_s_T_0_495_9,495,765,T_0_495_9,270,4.5,1
D_PT059,PT,0,seed_s_T_0_495_10,495,765,T_0_495_10,270,4.5,1
D_PT060,PT,0,seed_s_T_0_510_1,510,780,T_0_510_1,270,4.5,1
D_PT061,PT,0,seed_s_T_0_510_2,510,780,T_0_510_2,270,4.5,1
D_PT062,PT,0,seed_s_T_0_510_3,510,780,T_0_510_3,270,4.5,1
D_PT063,PT,0,seed_s_T_0_510_5,510,780,T_0_510_5,270,4.5,1
D_PT064,PT,0,seed_s_T_0_525_2,525,795,T_0_525_2,270,4.5,1
D_PT065,PT,0,seed_s_T_0_525_3,525,795,T_0_525_3,270,4.5,1
D_PT066,PT,0,seed_s_T_0_525_6,525,795,T_0_525_6,270,4.5,1
D_PT067,PT,0,seed_s_T_0_525_7,525,795,T_0_525_7,270,4.5,1
D_PT068,PT,0,seed_s_T_0_525_8,525,795,T_0_525_8,270,4.5,1
D_PT069,PT,0,seed_s_T_0_525_9,525,795,T_0_525_9,270,4.5,1
D_PT070,PT,0,seed_s_T_0_555_1,555,825,T_0_555_1,270,4.5,1
D_PT071,PT,0,seed_s_T_0_555_3,555,825,T_0_555_3,270,4.5,1
D_PT072,PT,0,seed_s_T_0_570_1,570,840,T_0_570_1,270,4.5,1
D_PT073,PT,0,seed_s_T_0_570_2,570,840,T_0_570_2,270,4.5,1
D_PT074,PT,0,seed_s_T_0_585_1,585,855,T_0_585_1,270,4.5,1
D_PT075,PT,0,seed_s_T_0_585_3,585,855,T_0_585_3,270,4.5,1
D_PT076,PT,0,seed_s_T_0_585_9,585,855,T_0_585_9,270,4.5,1
D_PT077,PT,0,seed_s_T_0_600_1,600,870,T_0_600_1,270,4.5,1
D_PT078,PT,0,seed_s_T_0_615_3,615,885,T_0_615_3,270,4.5,1
D_PT079,PT,0,seed_s_T_0_630_2,630,900,T_0_630_2,270,4.5,1
D_PT080,PT,0,seed_s_T_0_630_3,630,900,T_0_630_3,270,4.5,1
D_PT081,PT,0,seed_s_T_0_645_2,645,915,T_0_645_2,270,4.5,1
D_PT082,PT,0,seed_s_T_0_660_4,660,930,T_0_660_4,270,4.5,1
D_PT083,PT,0,seed_s_T_0_660_5,660,930,T_0_660_5,270,4.5,1
D_PT084,PT,0,seed_s_T_0_675_1,675,945,T_0_675_1,270,4.5,1
D_PT085,PT,0,seed_s_T_0_675_2,675,945,T_0_675_2,270,4.5,1
D_PT086,PT,0,seed_s_T_0_675_3,675,945,T_0_675_3,270,4.5,1
D_PT087,PT,0,seed_s_T_0_690_1,690,960,T_0_690_1,270,4.5,1
D_PT088,PT,0,seed_s_T_0_690_2,690,960,T_0_690_2,270,4.5,1
D_PT089,PT,0,seed_s_T_0_690_3,690,960,T_0_690_3,270,4.5,1
D_PT090,PT,0,seed_s_T_0_690_4,690,960,T_0_690_4,270,4.5,1
D_PT091,PT,0,seed_s_T_0_690_7,690,960,T_0_690_7,270,4.5,1
D_PT092,PT,0,seed_s_T_0_690_9,690,960,T_0_690_9,270,4.5,1
D_PT093,PT,0,seed_s_T_0_690_10,690,960,T_0_690_10,270,4.5,1
D_PT094,PT,0,seed_s_T_0_690_11,690,960,T_0_690_11,270,4.5,1
D_PT095,PT,0,seed_s_T_0_705_2,705,975,T_0_705_2,270,4.5,1
D_PT096,PT,0,seed_s_T_0_705_3,705,975,T_0_705_3,270,4.5,1
D_PT097,PT,0,seed_s_T_0_705_4,705,975,T_0_705_4,270,4.5,1
D_PT098,PT,0,seed_s_T_0_750_1,750,1020,T_0_750_1,270,4.5,1
D_PT099,PT,0,seed_s_T_0_780_1,780,1050,T_0_780_1,270,4.5,1
D_PT100,PT,0,seed_s_T_0_780_2,780,1050,T_0_780_2,270,4.5,1
D_PT101,PT,0,seed_s_T_0_795_1,795,1065,T_0_795_1,270,4.5,1
D_PT102,PT,0,seed_s_T_0_795_4,795,1065,T_0_795_4,270,4.5,1
D_PT103,PT,0,seed_s_T_0_795_5,795,1065,T_0_795_5,270,4.5,1
D_PT104,PT,0,seed_s_T_0_795_6,795,1065,T_0_795_6,270,4.5,1
D_PT105,PT,0,seed_s_T_0_810_1,810,1080,T_0_810_1,270,4.5,1
D_PT106,PT,0,seed_s_T_0_810_3,810,1080,T_0_810_3,270,4.5,1
D_PT107,PT,0,seed_s_T_0_810_6,810,1080,T_0_810_6,270,4.5,1
D_PT108,PT,0,seed_s_T_0_825_1,825,1095,T_0_825_1,270,4.5,1
D_PT109,PT,0,seed_s_T_0_840_3,840,1110,T_0_840_3,270,4.5,1
D_PT110,PT,0,seed_s_T_0_840_4,840,1110,T_0_840_4,270,4.5,1
D_PT111,PT,0,seed_s_T_0_855_1,855,1125,T_0_855_1,270,4.5,1
D_PT112,PT,0,seed_s_T_0_855_5,855,1125,T_0_855_5,270,4.5,1
D_PT113,PT,0,seed_s_T_0_855_8,855,1125,T_0_855_8,270,4.5,1
D_PT114,PT,0,seed_s_T_0_870_2,870,1140,T_0_870_2,270,4.5,1
D_PT115,PT,0,seed_s_T_0_870_5,870,1140,T_0_870_5,270,4.5,1
D_PT116,PT,0,seed_s_T_0_870_9,870,1140,T_0_870_9,270,4.5,1
D_PT117,PT,0,seed_s_T_0_870_11,870,1140,T_0_870_11,270,4.5,1
D_PT118,PT,0,seed_s_T_0_885_4,885,1155,T_0_885_4,270,4.5,1
D_PT119,PT,0,seed_s_T_0_900_1,900,1170,T_0_900_1,270,4.5,1
D_PT120,PT,0,seed_s_T_0_900_2,900,1170,T_0_900_2,270,4.5,1
D_PT121,PT,0,seed_s_T_0_900_4,900,1170,T_0_900_4,270,4.5,1
D_PT122,PT,0,seed_s_T_0_900_5,900,1170,T_0_900_5,270,4.5,1
D_PT123,PT,0,seed_s_T_0_915_2,915,1185,T_0_915_2,270,4.5,1
D_PT124,PT,0,seed_s_T_0_915_3,915,1185,T_0_915_3,270,4.5,1
D_PT125,PT,0,seed_s_T_0_960_1,960,1230,T_0_960_1,270,4.5,1
D_PT126,PT,0,seed_s_T_0_975_1,975,1245,T_0_975_1,270,4.5,1
D_PT127,PT,0,seed_s_T_0_990_1,990,1260,T_0_990_1,270,4.5,1
D_PT128,PT,0,seed_s_T_0_1005_1,1005,1275,T_0_1005_1,270,4.5,1
D_PT129,PT,0,seed_s_T_0_1170_3,1170,1439,T_0_1170_3,269,4.5,1
D_PT130,PT,0,seed_s_T_0_1170_4,1170,1439,T_0_1170_4,269,4.5,1
D_PT131,PT,1,seed_s_T_1_210_1,210,480,T_1_210_1,270,4.5,1
D_PT132,PT,1,seed_s_T_1_225_1,225,495,T_1_225_1,270,4.5,1
D_PT133,PT,1,seed_s_T_1_225_2,225,495,T_1_225_2,270,4.5,1
D_PT134,PT,1,seed_s_T_1_300_1,300,570,T_1_300_1,270,4.5,1
D_PT135,PT,1,seed_s_T_1_300_2,300,570,T_1_300_2,270,4.5,1
D_PT136,PT,1,seed_s_T_1_315_1,315,585,T_1_315_1,270,4.5,1
D_PT137,PT,1,seed_s_T_1_315_3,315,585,T_1_315_3,270,4.5,1
D_PT138,PT,1,seed_s_T_1_315_5,315,585,T_1_315_5,270,4.5,1
D_PT139,PT,1,seed_s_T_1_330_2,330,600,T_1_330_2,270,4.5,1
D_PT140,PT,1,seed_s_T_1_330_3,330,600,T_1_330_3,270,4.5,1
D_PT141,PT,1,seed_s_T_1_330_4,330,600,T_1_330_4,270,4.5,1
D_PT142,PT,1,seed_s_T_1_345_1,345,615,T_1_345_1,270,4.5,1
D_PT143,PT,1,seed_s_T_1_345_2,345,615,T_1_345_2,270,4.5,1
D_PT144,PT,1,seed_s_T_1_345_3,345,615,T_1_345_3,270,4.5,1
D_PT145,PT,1,seed_s_T_1_345_5,345,615,T_1_345_5,270,4.5,1
D_PT146,PT,1,seed_s_T_1_360_1,360,630,T_1_360_1,270,4.5,1
D_PT147,PT,1,seed_s_T_1_360_4,360,630,T_1_360_4,270,4.5,1
D_PT148,PT,1,seed_s_T_1_360_7,360,630,T_1_360_7,270,4.5,1
D_PT149,PT,1,seed_s_T_1_375_3,375,645,T_1_375_3,270,4.5,1
D_PT150,PT,1,seed_s_T_1_375_6,375,645,T_1_375_6,270,4.5,1
D_PT151,PT,1,seed_s_T_1_375_8,375,645,T_1_375_8,270,4.5,1
D_PT152,PT,1,seed_s_T_1_375_9,375,645,T_1_375_9,270,4.5,1
D_PT153,PT,1,seed_s_T_1_405_1,405,675,T_1_405_1,270,4.5,1
D_PT154,PT,1,seed_s_T_1_405_2,405,675,T_1_405_2,270,4.5,1
D_PT155,PT,1,seed_s_T_1_405_3,405,675,T_1_405_3,270,4.5,1
D_PT156,PT,1,seed_s_T_1_405_4,405,675,T_1_405_4,270,4.5,1
D_PT157,PT,1,seed_s_T_1_405_5,405,675,T_1_405_5,270,4.5,1
D_PT158,PT,1,seed_s_T_1_435_1,435,705,T_1_435_1,270,4.5,1
D_PT159,PT,1,seed_s_T_1_435_2,435,705,T_1_435_2,270,4.5,1
D_PT160,PT,1,seed_s_T_1_435_3,435,705,T_1_435_3,270,4.5,1
D_PT161,PT,1,seed_s_T_1_450_1,450,720,T_1_450_1,270,4.5,1
D_PT162,PT,1,seed_s_T_1_450_2,450,720,T_1_450_2,270,4.5,1
D_PT163,PT,1,seed_s_T_1_465_1,465,735,T_1_465_1,270,4.5,1
D_PT164,PT,1,seed_s_T_1_465_8,465,735,T_1_465_8,270,4.5,1
D_PT165,PT,1,seed_s_T_1_480_2,480,750,T_1_480_2,270,4.5,1
D_PT166,PT,1,seed_s_T_1_480_3,480,750,T_1_480_3,270,4.5,1
D_PT167,PT,1,seed_s_T_1_480_8,480,750,T_1_480_8,270,4.5,1
D_PT168,PT,1,seed_s_T_1_495_1,495,765,T_1_495_1,270,4.5,1
D_PT169,PT,1,seed_s_T_1_495_2,495,765,T_1_495_2,270,4.5,1
D_PT170,PT,1,seed_s_T_1_495_4,495,765,T_1_495_4,270,4.5,1
D_PT171,PT,1,seed_s_T_1_495_7,495,765,T_1_495_7,270,4.5,1
D_PT172,PT,1,seed_s_T_1_495_9,495,765,T_1_495_9,270,4.5,1
D_PT173,PT,1,seed_s_T_1_525_3,525,795,T_1_525_3,270,4.5,1
D_PT174,PT,1,seed_s_T_1_540_2,540,810,T_1_540_2,270,4.5,1
D_PT175,PT,1,seed_s_T_1_540_4,540,810,T_1_540_4,270,4.5,1
D_PT176,PT,1,seed_s_T_1_555_3,555,825,T_1_555_3,270,4.5,1
D_PT177,PT,1,seed_s_T_1_555_4,555,825,T_1_555_4,270,4.5,1
D_PT178,PT,1,seed_s_T_1_555_7,555,825,T_1_555_7,270,4.5,1
D_PT179,PT,1,seed_s_T_1_585_1,585,855,T_1_585_1,270,4.5,1
D_PT180,PT,1,seed_s_T_1_600_1,600,870,T_1_600_1,270,4.5,1
D_PT181,PT,1,seed_s_T_1_600_3,600,870,T_1_600_3,270,4.5,1
D_PT182,PT,1,seed_s_T_1_615_1,615,885,T_1_615_1,270,4.5,1
D_PT183,PT,1,seed_s_T_1_615_4,615,885,T_1_615_4,270,4.5,1
D_PT184,PT,1,seed_s_T_1_615_5,615,885,T_1_615_5,270,4.5,1
D_PT185,PT,1,seed_s_T_1_615_6,615,885,T_1_615_6,270,4.5,1
D_PT186,PT,1,seed_s_T_1_615_7,615,885,T_1_615_7,270,4.5,1
D_PT187,PT,1,seed_s_T_1_630_4,630,900,T_1_630_4,270,4.5,1
D_PT188,PT,1,seed_s_T_1_630_6,630,900,T_1_630_6,270,4.5,1
D_PT189,PT,1,seed_s_T_1_630_7,630,900,T_1_630_7,270,4.5,1
D_PT190,PT,1,seed_s_T_1_645_2,645,915,T_1_645_2,270,4.5,1
D_PT191,PT,1,seed_s_T_1_645_7,645,915,T_1_645_7,270,4.5,1
D_PT192,PT,1,seed_s_T_1_660_5,660,930,T_1_660_5,270,4.5,1
D_PT193,PT,1,seed_s_T_1_675_1,675,945,T_1_675_1,270,4.5,1
D_PT194,PT,1,seed_s_T_1_675_5,675,945,T_1_675_5,270,4.5,1
D_PT195,PT,1,seed_s_T_1_690_1,690,960,T_1_690_1,270,4.5,1
D_PT196,PT,1,seed_s_T_1_690_2,690,960,T_1_690_2,270,4.5,1
D_PT197,PT,1,seed_s_T_1_690_3,690,960,T_1_690_3,270,4.5,1
D_PT198,PT,1,seed_s_T_1_690_7,690,960,T_1_690_7,270,4.5,1
D_PT199,PT,1,seed_s_T_1_720_3,720,990,T_1_720_3,270,4.5,1
D_PT200,PT,1,seed_s_T_1_720_6,720,990,T_1_720_6,270,4.5,1
D_PT201,PT,1,seed_s_T_1_720_11,720,990,T_1_720_11,270,4.5,1
D_PT202,PT,1,seed_s_T_1_735_4,735,1005,T_1_735_4,270,4.5,1
D_PT203,PT,1,seed_s_T_1_750_1,750,1020,T_1_750_1,270,4.5,1
D_PT204,PT,1,seed_s_T_1_765_3,765,1035,T_1_765_3,270,4.5,1
D_PT205,PT,1,seed_s_T_1_765_4,765,1035,T_1_765_4,270,4.5,1
D_PT206,PT,1,seed_s_T_1_780_6,780,1050,T_1_780_6,270,4.5,1
D_PT207,PT,1,seed_s_T_1_810_2,810,1080,T_1_810_2,270,4.5,1
D_PT208,PT,1,seed_s_T_1_810_4,810,1080,T_1_810_4,270,4.5,1
D_PT209,PT,1,seed_s_T_1_810_5,810,1080,T_1_810_5,270,4.5,1
D_PT210,PT,1,seed_s_T_1_825_3,825,1095,T_1_825_3,270,4.5,1
D_PT211,PT,1,seed_s_T_1_825_6,825,1095,T_1_825_6,270,4.5,1
D_PT212,PT,1,seed_s_T_1_840_5,840,1110,T_1_840_5,270,4.5,1
D_PT213,PT,1,seed_s_T_1_840_7,840,1110,T_1_840_7,270,4.5,1
D_PT214,PT,1,seed_s_T_1_840_8,840,1110,T_1_840_8,270,4.5,1
D_PT215,PT,1,seed_s_T_1_840_9,840,1110,T_1_840_9,270,4.5,1
D_PT216,PT,1,seed_s_T_1_855_2,855,1125,T_1_855_2,270,4.5,1
D_PT217,PT,1,seed_s_T_1_855_11,855,1125,T_1_855_11,270,4.5,1
D_PT218,PT,1,seed_s_T_1_870_2,870,1140,T_1_870_2,270,4.5,1
D_PT219,PT,1,seed_s_T_1_870_5,870,1140,T_1_870_5,270,4.5,1
D_PT220,PT,1,seed_s_T_1_870_9,870,1140,T_1_870_9,270,4.5,1
D_PT221,PT,1,seed_s_T_1_885_1,885,1155,T_1_885_1,270,4.5,1
D_PT222,PT,1,seed_s_T_1_885_3,885,1155,T_1_885_3,270,4.5,1
D_PT223,PT,1,seed_s_T_1_900_2,900,1170,T_1_900_2,270,4.5,1
D_PT224,PT,1,seed_s_T_1_900_3,900,1170,T_1_900_3,270,4.5,1
D_PT225,PT,1,seed_s_T_1_900_7,900,1170,T_1_900_7,270,4.5,1
D_PT226,PT,1,seed_s_T_1_900_9,900,1170,T_1_900_9,270,4.5,1
D_PT227,PT,1,seed_s_T_1_915_3,915,1185,T_1_915_3,270,4.5,1
D_PT228,PT,1,seed_s_T_1_930_2,930,1200,T_1_930_2,270,4.5,1
D_PT229,PT,1,seed_s_T_1_930_3,930,1200,T_1_930_3,270,4.5,1
D_PT230,PT,1,seed_s_T_1_930_5,930,1200,T_1_930_5,270,4.5,1
D_PT231,PT,1,seed_s_T_1_930_6,930,1200,T_1_930_6,270,4.5,1
D_PT232,PT,1,seed_s_T_1_930_7,930,1200,T_1_930_7,270,4.5,1
D_PT233,PT,1,seed_s_T_1_930_9,930,1200,T_1_930_9,270,4.5,1
D_PT234,PT,1,seed_s_T_1_945_3,945,1215,T_1_945_3,270,4.5,1
D_PT235,PT,1,seed_s_T_1_945_4,945,1215,T_1_945_4,270,4.5,1
D_PT236,PT,1,seed_s_T_1_960_1,960,1230,T_1_960_1,270,4.5,1
D_PT237,PT,1,seed_s_T_1_960_3,960,1230,T_1_960_3,270,4.5,1
D_PT238,PT,1,seed_s_T_1_975_1,975,1245,T_1_975_1,270,4.5,1
D_PT239,PT,1,seed_s_T_1_990_1,990,1260,T_1_990_1,270,4.5,1
D_PT240,PT,1,seed_s_T_1_1035_1,1035,1305,T_1_1035_1,270,4.5,1
D_PT241,PT,1,seed_s_T_1_1050_2,1050,1320,T_1_1050_2,270,4.5,1
D_PT242,PT,1,seed_s_T_1_1050_4,1050,1320,T_1_1050_4,270,4.5,1
D_PT243,PT,1,seed_s_T_1_1050_6,1050,1320,T_1_1050_6,270,4.5,1
D_PT244,PT,1,seed_s_T_1_1050_7,1050,1320,T_1_1050_7,270,4.5,1
D_PT245,PT,1,seed_s_T_1_1050_8,1050,1320,T_1_1050_8,270,4.5,1
D_PT246,PT,1,seed_s_T_1_1050_9,1050,1320,T_1_1050_9,270,4.5,1
D_PT247,PT,1,seed_s_T_1_1065_1,1065,1335,T_1_1065_1,270,4.5,1
D_PT248,PT,1,seed_s_T_1_1065_2,1065,1335,T_1_1065_2,270,4.5,1
D_PT249,PT,1,seed_s_T_1_1065_3,1065,1335,T_1_1065_3,270,4.5,1
D_PT250,PT,1,seed_s_T_1_1065_4,1065,1335,T_1_1065_4,270,4.5,1
D_PT251,PT,1,seed_s_T_1_1065_5,1065,1335,T_1_1065_5,270,4.5,1
D_PT252,PT,1,seed_s_T_1_1065_6,1065,1335,T_1_1065_6,270,4.5,1
D_PT253,PT,1,seed_s_T_1_1065_7,1065,1335,T_1_1065_7,270,4.5,1
D_PT254,PT,1,seed_s_T_1_1065_8,1065,1335,T_1_1065_8,270,4.5,1
D_PT255,PT,1,seed_s_T_1_1080_3,1080,1350,T_1_1080_3,270,4.5,1
D_PT256,PT,1,seed_s_T_1_1080_6,1080,1350,T_1_1080_6,270,4.5,1
D_PT257,PT,1,seed_s_T_1_1080_7,1080,1350,T_1_1080_7,270,4.5,1
D_PT258,PT,1,seed_s_T_1_1080_8,1080,1350,T_1_1080_8,270,4.5,1
D_PT259,PT,1,seed_s_T_1_1080_9,1080,1350,T_1_1080_9,270,4.5,1
D_PT260,PT,1,seed_s_T_1_1110_2,1110,1380,T_1_1110_2,270,4.5,1
D_PT261,PT,1,seed_s_T_1_1110_4,1110,1380,T_1_1110_4,270,4.5,1
D_PT262,PT,1,seed_s_T_1_1110_6,1110,1380,T_1_1110_6,270,4.5,1
D_PT263,PT,1,seed_s_T_1_1140_3,1140,1410,T_1_1140_3,270,4.5,1
D_PT264,PT,1,seed_s_T_1_1140_4,1140,1410,T_1_1140_4,270,4.5,1
D_PT265,PT,1,seed_s_T_1_1155_1,1155,1425,T_1_1155_1,270,4.5,1
D_PT266,PT,1,seed_s_T_1_1155_2,1155,1425,T_1_1155_2,270,4.5,1
D_PT267,PT,1,seed_s_T_1_1155_3,1155,1425,T_1_1155_3,270,4.5,1
D_PT268,PT,1,seed_s_T_1_1155_4,1155,1425,T_1_1155_4,270,4.5,1
D_PT269,PT,1,seed_s_T_1_1155_5,1155,1425,T_1_1155_5,270,4.5,1
D_PT270,PT,1,seed_s_T_1_1155_6,1155,1425,T_1_1155_6,270,4.5,1
D_PT271,PT,1,seed_s_T_1_1170_1,1170,1439,T_1_1170_1,269,4.5,1
D_PT272,PT,1,seed_s_T_1_1170_3,1170,1439,T_1_1170_3,269,4.5,1
D_PT273,PT,1,seed_s_T_1_1170_6,1170,1439,T_1_1170_6,269,4.5,1
D_PT274,PT,1,seed_s_T_1_1170_7,1170,1439,T_1_1170_7,269,4.5,1
D_PT275,PT,2,seed_s_T_2_225_4,225,495,T_2_225_4,270,4.5,1
D_PT276,PT,2,seed_s_T_2_240_3,240,510,T_2_240_3,270,4.5,1
D_PT277,PT,2,seed_s_T_2_240_7,240,510,T_2_240_7,270,4.5,1
D_PT278,PT,2,seed_s_T_2_240_9,240,510,T_2_240_9,270,4.5,1
D_PT279,PT,2,seed_s_T_2_240_11,240,510,T_2_240_11,270,4.5,1
D_PT280,PT,2,seed_s_T_2_255_2,255,525,T_2_255_2,270,4.5,1
D_PT281,PT,2,seed_s_T_2_255_3,255,525,T_2_255_3,270,4.5,1
D_PT282,PT,2,seed_s_T_2_270_1,270,540,T_2_270_1,270,4.5,1
D_PT283,PT,2,seed_s_T_2_285_1,285,555,T_2_285_1,270,4.5,1
D_PT284,PT,2,seed_s_T_2_285_3,285,555,T_2_285_3,270,4.5,1
D_PT285,PT,2,seed_s_T_2_300_2,300,570,T_2_300_2,270,4.5,1
D_PT286,PT,2,seed_s_T_2_300_6,300,570,T_2_300_6,270,4.5,1
D_PT287,PT,2,seed_s_T_2_315_1,315,585,T_2_315_1,270,4.5,1
D_PT288,PT,2,seed_s_T_2_315_5,315,585,T_2_315_5,270,4.5,1
D_PT289,PT,2,seed_s_T_2_330_1,330,600,T_2_330_1,270,4.5,1
D_PT290,PT,2,seed_s_T_2_330_3,330,600,T_2_330_3,270,4.5,1
D_PT291,PT,2,seed_s_T_2_330_7,330,600,T_2_330_7,270,4.5,1
D_PT292,PT,2,seed_s_T_2_330_8,330,600,T_2_330_8,270,4.5,1
D_PT293,PT,2,seed_s_T_2_330_9,330,600,T_2_330_9,270,4.5,1
D_PT294,PT,2,seed_s_T_2_345_1,345,615,T_2_345_1,270,4.5,1
D_PT295,PT,2,seed_s_T_2_345_2,345,615,T_2_345_2,270,4.5,1
D_PT296,PT,2,seed_s_T_2_345_4,345,615,T_2_345_4,270,4.5,1
D_PT297,PT,2,seed_s_T_2_345_5,345,615,T_2_345_5,270,4.5,1
D_PT298,PT,2,seed_s_T_2_345_6,345,615,T_2_345_6,270,4.5,1
D_PT299,PT,2,seed_s_T_2_360_1,360,630,T_2_360_1,270,4.5,1
D_PT300,PT,2,seed_s_T_2_360_2,360,630,T_2_360_2,270,4.5,1
D_PT301,PT,2,seed_s_T_2_360_7,360,630,T_2_360_7,270,4.5,1
D_PT302,PT,2,seed_s_T_2_360_9,360,630,T_2_360_9,270,4.5,1
D_PT303,PT,2,seed_s_T_2_360_10,360,630,T_2_360_10,270,4.5,1
D_PT304,PT,2,seed_s_T_2_375_2,375,645,T_2_375_2,270,4.5,1
D_PT305,PT,2,seed_s_T_2_375_3,375,645,T_2_375_3,270,4.5,1
D_PT306,PT,2,seed_s_T_2_375_8,375,645,T_2_375_8,270,4.5,1
D_PT307,PT,2,seed_s_T_2_375_10,375,645,T_2_375_10,270,4.5,1
D_PT308,PT,2,seed_s_T_2_375_12,375,645,T_2_375_12,270,4.5,1
D_PT309,PT,2,seed_s_T_2_375_13,375,645,T_2_375_13,270,4.5,1
D_PT310,PT,2,seed_s_T_2_390_1,390,660,T_2_390_1,270,4.5,1
D_PT311,PT,2,seed_s_T_2_390_2,390,660,T_2_390_2,270,4.5,1
D_PT312,PT,2,seed_s_T_2_390_4,390,660,T_2_390_4,270,4.5,1
D_PT313,PT,2,seed_s_T_2_390_5,390,660,T_2_390_5,270,4.5,1
D_PT314,PT,2,seed_s_T_2_390_7,390,660,T_2_390_7,270,4.5,1
D_PT315,PT,2,seed_s_T_2_390_10,390,660,T_2_390_10,270,4.5,1
D_PT316,PT,2,seed_s_T_2_390_12,390,660,T_2_390_12,270,4.5,1
D_PT317,PT,2,seed_s_T_2_405_1,405,675,T_2_405_1,270,4.5,1
D_PT318,PT,2,seed_s_T_2_405_3,405,675,T_2_405_3,270,4.5,1
D_PT319,PT,2,seed_s_T_2_405_4,405,675,T_2_405_4,270,4.5,1
D_PT320,PT,2,seed_s_T_2_405_7,405,675,T_2_405_7,270,4.5,1
D_PT321,PT,2,seed_s_T_2_405_8,405,675,T_2_405_8,270,4.5,1
D_PT322,PT,2,seed_s_T_2_405_11,405,675,T_2_405_11,270,4.5,1
D_PT323,PT,2,seed_s_T_2_420_1,420,690,T_2_420_1,270,4.5,1
D_PT324,PT,2,seed_s_T_2_420_2,420,690,T_2_420_2,270,4.5,1
D_PT325,PT,2,seed_s_T_2_420_3,420,690,T_2_420_3,270,4.5,1
D_PT326,PT,2,seed_s_T_2_420_6,420,690,T_2_420_6,270,4.5,1
D_PT327,PT,2,seed_s_T_2_420_8,420,690,T_2_420_8,270,4.5,1
D_PT328,PT,2,seed_s_T_2_420_10,420,690,T_2_420_10,270,4.5,1
D_PT329,PT,2,seed_s_T_2_420_11,420,690,T_2_420_11,270,4.5,1
D_PT330,PT,2,seed_s_T_2_420_12,420,690,T_2_420_12,270,4.5,1
D_PT331,PT,2,seed_s_T_2_435_2,435,705,T_2_435_2,270,4.5,1
D_PT332,PT,2,seed_s_T_2_435_3,435,705,T_2_435_3,270,4.5,1
D_PT333,PT,2,seed_s_T_2_435_4,435,705,T_2_435_4,270,4.5,1
D_PT334,PT,2,seed_s_T_2_435_5,435,705,T_2_435_5,270,4.5,1
D_PT335,PT,2,seed_s_T_2_435_6,435,705,T_2_435_6,270,4.5,1
D_PT336,PT,2,seed_s_T_2_435_7,435,705,T_2_435_7,270,4.5,1
D_PT337,PT,2,seed_s_T_2_435_8,435,705,T_2_435_8,270,4.5,1
D_PT338,PT,2,seed_s_T_2_450_1,450,720,T_2_450_1,270,4.5,1
D_PT339,PT,2,seed_s_T_2_450_2,450,720,T_2_450_2,270,4.5,1
D_PT340,PT,2,seed_s_T_2_450_3,450,720,T_2_450_3,270,4.5,1
D_PT341,PT,2,seed_s_T_2_450_4,450,720,T_2_450_4,270,4.5,1
D_PT342,PT,2,seed_s_T_2_450_5,450,720,T_2_450_5,270,4.5,1
D_PT343,PT,2,seed_s_T_2_450_6,450,720,T_2_450_6,270,4.5,1
D_PT344,PT,2,seed_s_T_2_450_7,450,720,T_2_450_7,270,4.5,1
D_PT345,PT,2,seed_s_T_2_450_8,450,720,T_2_450_8,270,4.5,1
D_PT346,PT,2,seed_s_T_2_450_9,450,720,T_2_450_9,270,4.5,1
D_PT347,PT,2,seed_s_T_2_450_10,450,720,T_2_450_10,270,4.5,1
D_PT348,PT,2,seed_s_T_2_450_11,450,720,T_2_450_11,270,4.5,1
D_PT349,PT,2,seed_s_T_2_465_2,465,735,T_2_465_2,270,4.5,1
D_PT350,PT,2,seed_s_T_2_465_3,465,735,T_2_465_3,270,4.5,1
D_PT351,PT,2,seed_s_T_2_465_4,465,735,T_2_465_4,270,4.5,1
D_PT352,PT,2,seed_s_T_2_465_6,465,735,T_2_465_6,270,4.5,1
D_PT353,PT,2,seed_s_T_2_465_7,465,735,T_2_465_7,270,4.5,1
D_PT354,PT,2,seed_s_T_2_480_2,480,750,T_2_480_2,270,4.5,1
D_PT355,PT,2,seed_s_T_2_480_3,480,750,T_2_480_3,270,4.5,1
D_PT356,PT,2,seed_s_T_2_480_4,480,750,T_2_480_4,270,4.5,1
D_PT357,PT,2,seed_s_T_2_495_1,495,765,T_2_495_1,270,4.5,1
D_PT358,PT,2,seed_s_T_2_495_3,495,765,T_2_495_3,270,4.5,1
D_PT359,PT,2,seed_s_T_2_495_4,495,765,T_2_495_4,270,4.5,1
D_PT360,PT,2,seed_s_T_2_495_5,495,765,T_2_495_5,270,4.5,1
D_PT361,PT,2,seed_s_T_2_495_6,495,765,T_2_495_6,270,4.5,1
D_PT362,PT,2,seed_s_T_2_510_2,510,780,T_2_510_2,270,4.5,1
D_PT363,PT,2,seed_s_T_2_525_3,525,795,T_2_525_3,270,4.5,1
D_PT364,PT,2,seed_s_T_2_540_1,540,810,T_2_540_1,270,4.5,1
D_PT365,PT,2,seed_s_T_2_540_2,540,810,T_2_540_2,270,4.5,1
D_PT366,PT,2,seed_s_T_2_540_3,540,810,T_2_540_3,270,4.5,1
D_PT367,PT,2,seed_s_T_2_555_1,555,825,T_2_555_1,270,4.5,1
D_PT368,PT,2,seed_s_T_2_555_4,555,825,T_2_555_4,270,4.5,1
D_PT369,PT,2,seed_s_T_2_555_5,555,825,T_2_555_5,270,4.5,1
D_PT370,PT,2,seed_s_T_2_555_6,555,825,T_2_555_6,270,4.5,1
D_PT371,PT,2,seed_s_T_2_555_7,555,825,T_2_555_7,270,4.5,1
D_PT372,PT,2,seed_s_T_2_570_3,570,840,T_2_570_3,270,4.5,1
D_PT373,PT,2,seed_s_T_2_570_4,570,840,T_2_570_4,270,4.5,1
D_PT374,PT,2,seed_s_T_2_570_5,570,840,T_2_570_5,270,4.5,1
D_PT375,PT,2,seed_s_T_2_585_3,585,855,T_2_585_3,270,4.5,1
D_PT376,PT,2,seed_s_T_2_585_5,585,855,T_2_585_5,270,4.5,1
D_PT377,PT,2,seed_s_T_2_585_6,585,855,T_2_585_6,270,4.5,1
D_PT378,PT,2,seed_s_T_2_585_10,585,855,T_2_585_10,270,4.5,1
D_PT379,PT,2,seed_s_T_2_600_1,600,870,T_2_600_1,270,4.5,1
D_PT380,PT,2,seed_s_T_2_600_3,600,870,T_2_600_3,270,4.5,1
D_PT381,PT,2,seed_s_T_2_600_5,600,870,T_2_600_5,270,4.5,1
D_PT382,PT,2,seed_s_T_2_600_6,600,870,T_2_600_6,270,4.5,1
D_PT383,PT,2,seed_s_T_2_600_8,600,870,T_2_600_8,270,4.5,1
D_PT384,PT,2,seed_s_T_2_615_1,615,885,T_2_615_1,270,4.5,1
D_PT385,PT,2,seed_s_T_2_615_2,615,885,T_2_615_2,270,4.5,1
D_PT386,PT,2,seed_s_T_2_615_3,615,885,T_2_615_3,270,4.5,1
D_PT387,PT,2,seed_s_T_2_615_4,615,885,T_2_615_4,270,4.5,1
D_PT388,PT,2,seed_s_T_2_615_5,615,885,T_2_615_5,270,4.5,1
D_PT389,PT,2,seed_s_T_2_615_6,615,885,T_2_615_6,270,4.5,1
D_PT390,PT,2,seed_s_T_2_615_9,615,885,T_2_615_9,270,4.5,1
D_PT391,PT,2,seed_s_T_2_615_10,615,885,T_2_615_10,270,4.5,1
D_PT392,PT,2,seed_s_T_2_630_1,630,900,T_2_630_1,270,4.5,1
D_PT393,PT,2,seed_s_T_2_630_2,630,900,T_2_630_2,270,4.5,1
D_PT394,PT,2,seed_s_T_2_630_5,630,900,T_2_630_5,270,4.5,1
D_PT395,PT,2,seed_s_T_2_630_7,630,900,T_2_630_7,270,4.5,1
D_PT396,PT,2,seed_s_T_2_630_8,630,900,T_2_630_8,270,4.5,1
D_PT397,PT,2,seed_s_T_2_630_13,630,900,T_2_630_13,270,4.5,1
D_PT398,PT,2,seed_s_T_2_630_15,630,900,T_2_630_15,270,4.5,1
D_PT399,PT,2,seed_s_T_2_645_1,645,915,T_2_645_1,270,4.5,1
D_PT400,PT,2,seed_s_T_2_645_4,645,915,T_2_645_4,270,4.5,1
D_PT401,PT,2,seed_s_T_2_645_10,645,915,T_2_645_10,270,4.5,1
D_PT402,PT,2,seed_s_T_2_645_11,645,915,T_2_645_11,270,4.5,1
D_PT403,PT,2,seed_s_T_2_660_2,660,930,T_2_660_2,270,4.5,1
D_PT404,PT,2,seed_s_T_2_660_5,660,930,T_2_660_5,270,4.5,1
D_PT405,PT,2,seed_s_T_2_660_9,660,930,T_2_660_9,270,4.5,1
D_PT406,PT,2,seed_s_T_2_675_3,675,945,T_2_675_3,270,4.5,1
D_PT407,PT,2,seed_s_T_2_675_4,675,945,T_2_675_4,270,4.5,1
D_PT408,PT,2,seed_s_T_2_675_5,675,945,T_2_675_5,270,4.5,1
D_PT409,PT,2,seed_s_T_2_675_6,675,945,T_2_675_6,270,4.5,1
D_PT410,PT,2,seed_s_T_2_675_7,675,945,T_2_675_7,270,4.5,1
D_PT411,PT,2,seed_s_T_2_675_12,675,945,T_2_675_12,270,4.5,1
D_PT412,PT,2,seed_s_T_2_690_2,690,960,T_2_690_2,270,4.5,1
D_PT413,PT,2,seed_s_T_2_690_3,690,960,T_2_690_3,270,4.5,1
D_PT414,PT,2,seed_s_T_2_690_7,690,960,T_2_690_7,270,4.5,1
D_PT415,PT,2,seed_s_T_2_690_8,690,960,T_2_690_8,270,4.5,1
D_PT416,PT,2,seed_s_T_2_690_9,690,960,T_2_690_9,270,4.5,1
D_PT417,PT,4,seed_s_T_4_270_2,270,540,T_4_270_2,270,4.5,1
D_PT418,PT,4,seed_s_T_4_270_8,270,540,T_4_270_8,270,4.5,1
D_PT419,PT,4,seed_s_T_4_285_1,285,555,T_4_285_1,270,4.5,1
D_PT420,PT,4,seed_s_T_4_285_4,285,555,T_4_285_4,270,4.5,1
D_PT421,PT,4,seed_s_T_4_300_1,300,570,T_4_300_1,270,4.5,1
D_PT422,PT,4,seed_s_T_4_300_5,300,570,T_4_300_5,270,4.5,1
D_PT423,PT,4,seed_s_T_4_315_3,315,585,T_4_315_3,270,4.5,1
D_PT424,PT,4,seed_s_T_4_330_1,330,600,T_4_330_1,270,4.5,1
D_PT425,PT,4,seed_s_T_4_345_1,345,615,T_4_345_1,270,4.5,1
D_PT426,PT,4,seed_s_T_4_345_2,345,615,T_4_345_2,270,4.5,1
D_PT427,PT,4,seed_s_T_4_345_4,345,615,T_4_345_4,270,4.5,1
D_PT428,PT,4,seed_s_T_4_345_6,345,615,T_4_345_6,270,4.5,1
D_PT429,PT,4,seed_s_T_4_345_7,345,615,T_4_345_7,270,4.5,1
D_PT430,PT,4,seed_s_T_4_345_8,345,615,T_4_345_8,270,4.5,1
D_PT431,PT,4,seed_s_T_4_345_11,345,615,T_4_345_11,270,4.5,1
D_PT432,PT,4,seed_s_T_4_360_4,360,630,T_4_360_4,270,4.5,1
D_PT433,PT,4,seed_s_T_4_360_5,360,630,T_4_360_5,270,4.5,1
D_PT434,PT,4,seed_s_T_4_360_7,360,630,T_4_360_7,270,4.5,1
D_PT435,PT,4,seed_s_T_4_360_8,360,630,T_4_360_8,270,4.5,1
D_PT436,PT,4,seed_s_T_4_360_10,360,630,T_4_360_10,270,4.5,1
D_PT437,PT,4,seed_s_T_4_375_3,375,645,T_4_375_3,270,4.5,1
D_PT438,PT,4,seed_s_T_4_375_5,375,645,T_4_375_5,270,4.5,1
D_PT439,PT,4,seed_s_T_4_375_6,375,645,T_4_375_6,270,4.5,1
D_PT440,PT,4,seed_s_T_4_390_1,390,660,T_4_390_1,270,4.5,1
D_PT441,PT,4,seed_s_T_4_390_2,390,660,T_4_390_2,270,4.5,1
D_PT442,PT,4,seed_s_T_4_390_3,390,660,T_4_390_3,270,4.5,1
D_PT443,PT,4,seed_s_T_4_390_4,390,660,T_4_390_4,270,4.5,1
D_PT444,PT,4,seed_s_T_4_390_5,390,660,T_4_390_5,270,4.5,1
D_PT445,PT,4,seed_s_T_4_390_6,390,660,T_4_390_6,270,4.5,1
D_PT446,PT,4,seed_s_T_4_390_7,390,660,T_4_390_7,270,4.5,1
D_PT447,PT,4,seed_s_T_4_390_8,390,660,T_4_390_8,270,4.5,1
D_PT448,PT,4,seed_s_T_4_390_9,390,660,T_4_390_9,270,4.5,1
D_PT449,PT,4,seed_s_T_4_390_10,390,660,T_4_390_10,270,4.5,1
D_PT450,PT,4,seed_s_T_4_390_11,390,660,T_4_390_11,270,4.5,1
D_PT451,PT,4,seed_s_T_4_405_1,405,675,T_4_405_1,270,4.5,1
D_PT452,PT,4,seed_s_T_4_405_2,405,675,T_4_405_2,270,4.5,1
D_PT453,PT,4,seed_s_T_4_405_3,405,675,T_4_405_3,270,4.5,1
D_PT454,PT,4,seed_s_T_4_405_4,405,675,T_4_405_4,270,4.5,1
D_PT455,PT,4,seed_s_T_4_405_5,405,675,T_4_405_5,270,4.5,1
D_PT456,PT,4,seed_s_T_4_405_7,405,675,T_4_405_7,270,4.5,1
D_PT457,PT,4,seed_s_T_4_405_8,405,675,T_4_405_8,270,4.5,1
D_PT458,PT,4,seed_s_T_4_405_9,405,675,T_4_405_9,270,4.5,1
D_PT459,PT,4,seed_s_T_4_405_10,405,675,T_4_405_10,270,4.5,1
D_PT460,PT,4,seed_s_T_4_405_11,405,675,T_4_405_11,270,4.5,1
D_PT461,PT,4,seed_s_T_4_420_1,420,690,T_4_420_1,270,4.5,1
D_PT462,PT,4,seed_s_T_4_420_2,420,690,T_4_420_2,270,4.5,1
D_PT463,PT,4,seed_s_T_4_420_6,420,690,T_4_420_6,270,4.5,1
D_PT464,PT,4,seed_s_T_4_420_7,420,690,T_4_420_7,270,4.5,1
D_PT465,PT,4,seed_s_T_4_420_8,420,690,T_4_420_8,270,4.5,1
D_PT466,PT,4,seed_s_T_4_420_9,420,690,T_4_420_9,270,4.5,1
D_PT467,PT,4,seed_s_T_4_420_10,420,690,T_4_420_10,270,4.5,1
D_PT468,PT,4,seed_s_T_4_420_11,420,690,T_4_420_11,270,4.5,1
D_PT469,PT,4,seed_s_T_4_450_1,450,720,T_4_450_1,270,4.5,1
D_PT470,PT,4,seed_s_T_4_450_3,450,720,T_4_450_3,270,4.5,1
D_PT471,PT,4,seed_s_T_4_525_1,525,795,T_4_525_1,270,4.5,1
D_PT472,PT,4,seed_s_T_4_525_2,525,795,T_4_525_2,270,4.5,1
D_PT473,PT,4,seed_s_T_4_525_5,525,795,T_4_525_5,270,4.5,1
D_PT474,PT,4,seed_s_T_4_525_6,525,795,T_4_525_6,270,4.5,1
D_PT475,PT,4,seed_s_T_4_525_7,525,795,T_4_525_7,270,4.5,1
D_PT476,PT,4,seed_s_T_4_540_5,540,810,T_4_540_5,270,4.5,1
D_PT477,PT,4,seed_s_T_4_555_1,555,825,T_4_555_1,270,4.5,1
D_PT478,PT,4,seed_s_T_4_555_2,555,825,T_4_555_2,270,4.5,1
D_PT479,PT,4,seed_s_T_4_555_3,555,825,T_4_555_3,270,4.5,1
D_PT480,PT,4,seed_s_T_4_555_4,555,825,T_4_555_4,270,4.5,1
D_PT481,PT,4,seed_s_T_4_555_6,555,825,T_4_555_6,270,4.5,1
D_PT482,PT,4,seed_s_T_4_570_2,570,840,T_4_570_2,270,4.5,1
D_PT483,PT,4,seed_s_T_4_600_1,600,870,T_4_600_1,270,4.5,1
D_PT484,PT,4,seed_s_T_4_615_3,615,885,T_4_615_3,270,4.5,1
D_PT485,PT,4,seed_s_T_4_615_6,615,885,T_4_615_6,270,4.5,1
D_PT486,PT,4,seed_s_T_4_645_2,645,915,T_4_645_2,270,4.5,1
D_PT487,PT,4,seed_s_T_4_660_2,660,930,T_4_660_2,270,4.5,1
D_PT488,PT,4,seed_s_T_4_675_3,675,945,T_4_675_3,270,4.5,1
D_PT489,PT,4,seed_s_T_4_675_5,675,945,T_4_675_5,270,4.5,1
D_PT490,PT,4,seed_s_T_4_735_1,735,1005,T_4_735_1,270,4.5,1
D_PT491,PT,4,seed_s_T_4_735_2,735,1005,T_4_735_2,270,4.5,1
D_PT492,PT,4,seed_s_T_4_735_6,735,1005,T_4_735_6,270,4.5,1
D_PT493,PT,4,seed_s_T_4_750_2,750,1020,T_4_750_2,270,4.5,1
D_PT494,PT,4,seed_s_T_4_750_3,750,1020,T_4_750_3,270,4.5,1
D_PT495,PT,4,seed_s_T_4_750_5,750,1020,T_4_750_5,270,4.5,1
D_PT496,PT,4,seed_s_T_4_750_7,750,1020,T_4_750_7,270,4.5,1
D_PT497,PT,4,seed_s_T_4_765_1,765,1035,T_4_765_1,270,4.5,1
D_PT498,PT,4,seed_s_T_4_765_5,765,1035,T_4_765_5,270,4.5,1
D_PT499,PT,4,seed_s_T_4_795_3,795,1065,T_4_795_3,270,4.5,1
D_PT500,PT,4,seed_s_T_4_825_2,825,1095,T_4_825_2,270,4.5,1
D_PT501,PT,4,seed_s_T_4_840_2,840,1110,T_4_840_2,270,4.5,1
D_PT502,PT,4,seed_s_T_4_840_4,840,1110,T_4_840_4,270,4.5,1
D_PT503,PT,4,seed_s_T_4_855_1,855,1125,T_4_855_1,270,4.5,1
D_PT504,PT,4,seed_s_T_4_855_7,855,1125,T_4_855_7,270,4.5,1
D_PT505,PT,4,seed_s_T_4_870_1,870,1140,T_4_870_1,270,4.5,1
D_PT506,PT,4,seed_s_T_4_870_2,870,1140,T_4_870_2,270,4.5,1
D_PT507,PT,4,seed_s_T_4_885_3,885,1155,T_4_885_3,270,4.5,1
D_PT508,PT,4,seed_s_T_4_885_6,885,1155,T_4_885_6,270,4.5,1
D_PT509,PT,4,seed_s_T_4_885_7,885,1155,T_4_885_7,270,4.5,1
D_PT510,PT,4,seed_s_T_4_900_1,900,1170,T_4_900_1,270,4.5,1
D_PT511,PT,4,seed_s_T_4_900_2,900,1170,T_4_900_2,270,4.5,1
D_PT512,PT,4,seed_s_T_4_900_7,900,1170,T_4_900_7,270,4.5,1
D_PT513,PT,4,seed_s_T_4_915_1,915,1185,T_4_915_1,270,4.5,1
D_PT514,PT,4,seed_s_T_4_915_3,915,1185,T_4_915_3,270,4.5,1
D_PT515,PT,4,seed_s_T_4_915_4,915,1185,T_4_915_4,270,4.5,1
D_PT516,PT,4,seed_s_T_4_915_6,915,1185,T_4_915_6,270,4.5,1
D_PT517,PT,4,seed_s_T_4_930_2,930,1200,T_4_930_2,270,4.5,1
D_PT518,PT,4,seed_s_T_4_945_2,945,1215,T_4_945_2,270,4.5,1
D_PT519,PT,4,seed_s_T_4_945_3,945,1215,T_4_945_3,270,4.5,1
D_PT520,PT,4,seed_s_T_4_945_4,945,1215,T_4_945_4,270,4.5,1
D_PT521,PT,4,seed_s_T_4_945_5,945,1215,T_4_945_5,270,4.5,1
D_PT522,PT,4,seed_s_T_4_945_7,945,1215,T_4_945_7,270,4.5,1
D_PT523,PT,4,seed_s_T_4_945_8,945,1215,T_4_945_8,270,4.5,1
D_PT524,PT,4,seed_s_T_4_945_9,945,1215,T_4_945_9,270,4.5,1
D_PT525,PT,4,seed_s_T_4_945_12,945,1215,T_4_945_12,270,4.5,1
D_PT526,PT,4,seed_s_T_4_945_13,945,1215,T_4_945_13,270,4.5,1
D_PT527,PT,4,seed_s_T_4_945_14,945,1215,T_4_945_14,270,4.5,1
D_PT528,PT,4,seed_s_T_4_945_15,945,1215,T_4_945_15,270,4.5,1
D_PT529,PT,4,seed_s_T_4_960_1,960,1230,T_4_960_1,270,4.5,1
D_PT530,PT,4,seed_s_T_4_960_6,960,1230,T_4_960_6,270,4.5,1
D_PT531,PT,4,seed_s_T_4_960_7,960,1230,T_4_960_7,270,4.5,1
D_PT532,PT,4,seed_s_T_4_975_6,975,1245,T_4_975_6,270,4.5,1
D_PT533,PT,4,seed_s_T_4_990_1,990,1260,T_4_990_1,270,4.5,1
D_PT534,PT,4,seed_s_T_4_1020_3,1020,1290,T_4_1020_3,270,4.5,1
D_PT535,PT,4,seed_s_T_4_1050_4,1050,1320,T_4_1050_4,270,4.5,1
D_PT536,PT,4,seed_s_T_4_1050_5,1050,1320,T_4_1050_5,270,4.5,1
D_PT537,PT,4,seed_s_T_4_1065_2,1065,1335,T_4_1065_2,270,4.5,1
D_PT538,PT,4,seed_s_T_4_1080_1,1080,1350,T_4_1080_1,270,4.5,1
D_PT539,PT,4,seed_s_T_4_1080_2,1080,1350,T_4_1080_2,270,4.5,1
D_PT540,PT,4,seed_s_T_4_1080_4,1080,1350,T_4_1080_4,270,4.5,1
D_PT541,PT,4,seed_s_T_4_1080_6,1080,1350,T_4_1080_6,270,4.5,1
D_PT542,PT,4,seed_s_T_4_1080_7,1080,1350,T_4_1080_7,270,4.5,1
D_PT543,PT,4,seed_s_T_4_1095_1,1095,1365,T_4_1095_1,270,4.5,1
D_PT544,PT,4,seed_s_T_4_1095_2,1095,1365,T_4_1095_2,270,4.5,1
D_PT545,PT,4,seed_s_T_4_1095_3,1095,1365,T_4_1095_3,270,4.5,1
D_PT546,PT,4,seed_s_T_4_1095_4,1095,1365,T_4_1095_4,270,4.5,1
D_PT547,PT,4,seed_s_T_4_1110_1,1110,1380,T_4_1110_1,270,4.5,1
D_PT548,PT,4,seed_s_T_4_1110_2,1110,1380,T_4_1110_2,270,4.5,1
D_PT549,PT,4,seed_s_T_4_1110_4,1110,1380,T_4_1110_4,270,4.5,1
D_PT550,PT,4,seed_s_T_4_1110_5,1110,1380,T_4_1110_5,270,4.5,1
D_PT551,PT,4,seed_s_T_4_1110_6,1110,1380,T_4_1110_6,270,4.5,1
D_PT552,PT,4,seed_s_T_4_1110_7,1110,1380,T_4_1110_7,270,4.5,1
D_PT553,PT,4,seed_s_T_4_1110_8,1110,1380,T_4_1110_8,270,4.5,1
D_PT554,PT,4,seed_s_T_4_1125_1,1125,1395,T_4_1125_1,270,4.5,1
D_PT555,PT,4,seed_s_T_4_1125_2,1125,1395,T_4_1125_2,270,4.5,1
D_PT556,PT,4,seed_s_T_4_1140_1,1140,1410,T_4_1140_1,270,4.5,1
D_PT557,PT,4,seed_s_T_4_1140_2,1140,1410,T_4_1140_2,270,4.5,1
D_PT558,PT,4,seed_s_T_4_1155_1,1155,1425,T_4_1155_1,270,4.5,1
D_PT559,PT,4,seed_s_T_4_1155_2,1155,1425,T_4_1155_2,270,4.5,1
D_PT560,PT,4,seed_s_T_4_1170_1,1170,1439,T_4_1170_1,269,4.5,1
D_PT561,PT,4,seed_s_T_4_1170_2,1170,1439,T_4_1170_2,269,4.5,1
D_FTE562,FTE,0,T_6ed130cb2b2e,330,1140,T_0_330_2|T_0_600_2|T_0_870_3,810,49.5,4
D_FTE562,FTE,1,T_59c450f15031,360,1200,T_1_360_5|T_1_660_1|T_1_930_1,810,49.5,4
D_FTE562,FTE,2,P_1c8202553110,420,960,T_2_420_7|T_2_690_10,540,49.5,4
D_FTE562,FTE,4,T_587ae90832db,285,1110,T_4_285_5|T_4_570_1|T_4_840_3,810,49.5,4
D_FTE563,FTE,0,T_dd1ce2ca0235,345,1155,T_0_345_9|T_0_615_8|T_0_885_2,810,49.5,4
D_FTE563,FTE,1,T_57be5f9e7989,375,1185,T_1_375_5|T_1_645_5|T_1_915_1,810,49.5,4
D_FTE563,FTE,2,P_78f2db0aa529,420,960,T_2_420_5|T_2_690_5,540,49.5,4
D_FTE563,FTE,4,T_9263fd7c1835,270,1080,T_4_270_4|T_4_540_6|T_4_810_4,810,49.5,4
D_PT564,PT,0,S_fd401e1af656,420,690,T_0_420_1,270,31.5,4
D_PT564,PT,1,S_c9d37be044e5,870,1140,T_1_870_10,270,31.5,4
D_PT564,PT,2,P_4b1e5df110d4,375,915,T_2_375_11|T_2_645_6,540,31.5,4
D_PT564,PT,4,T_cbeba5fe20bf,315,1125,T_4_315_2|T_4_585_3|T_4_855_2,810,31.5,4
D_FTE565,FTE,0,T_00e4b8ba1eb6,210,1050,T_0_210_1|T_0_495_11|T_0_780_3,810,49.5,4
D_FTE565,FTE,1,T_82933e8acce3,315,1140,T_1_315_4|T_1_600_6|T_1_870_3,810,49.5,4
D_FTE565,FTE,2,P_a5ffd2d6e71a,375,915,T_2_375_5|T_2_645_5,540,49.5,4
D_FTE565,FTE,4,T_77680c08d09f,315,1155,T_4_315_4|T_4_615_7|T_4_885_4,810,49.5,4
D_FTE566,FTE,0,T_d7b741969b08,270,1110,T_0_270_2|T_0_555_4|T_0_840_2,810,49.5,4
D_FTE566,FTE,1,T_0299d7f75cf5,330,1170,T_1_330_1|T_1_630_1|T_1_900_1,810,49.5,4
D_FTE566,FTE,2,P_084f063a617a,390,930,T_2_390_6|T_2_660_8,540,49.5,4
D_FTE566,FTE,4,T_65276c5cee00,270,1080,T_4_270_9|T_4_540_2|T_4_810_5,810,49.5,4
D_FTE567,FTE,0,T_18c4d972051c,315,1125,T_0_315_3|T_0_585_8|T_0_855_2,810,45.0,4
D_FTE567,FTE,1,T_78c930f66a46,375,1200,T_1_375_4|T_1_660_6|T_1_930_4,810,45.0,4
D_FTE567,FTE,2,S_f375961466bd,585,855,T_2_585_9,270,45.0,4
D_FTE567,FTE,4,T_c2cb301cb056,315,1125,T_4_315_1|T_4_585_4|T_4_855_5,810,45.0,4
D_FTE568,FTE,0,T_b12966e83f4b,330,1140,T_0_330_1|T_0_600_3|T_0_870_1,810,45.0,4
D_FTE568,FTE,1,T_254a6b368555,375,1185,T_1_375_10|T_1_645_3|T_1_915_2,810,45.0,4
D_FTE568,FTE,2,S_fbe302a22e09,480,750,T_2_480_5,270,45.0,4
D_FTE568,FTE,4,T_c050b12100b9,375,1200,T_4_375_1|T_4_660_1|T_4_930_1,810,45.0,4
D_PT569,PT,0,T_a77a01918539,315,1155,T_0_315_1|T_0_615_1|T_0_885_1,810,36.0,4
D_PT569,PT,1,T_065efb24cde6,390,1215,T_1_390_1|T_1_675_2|T_1_945_2,810,36.0,4
D_PT569,PT,2,S_c25817ca36f2,675,945,T_2_675_10,270,36.0,4
D_PT569,PT,4,S_ccfaf8a5e004,405,675,T_4_405_6,270,36.0,4
D_PT570,PT,0,T_065808926a49,330,1155,T_0_330_7|T_0_615_9|T_0_885_10,810,36.0,4
D_PT570,PT,1,S_32d8190cb24f,720,990,T_1_720_5,270,36.0,4
D_PT570,PT,2,S_9bb59e71713d,330,600,T_2_330_4,270,36.0,4
D_PT570,PT,4,T_9a9d4ed293a1,375,1215,T_4_375_2|T_4_675_4|T_4_945_11,810,36.0,4
D_FTE571,FTE,0,T_89271f5d6f32,330,1170,T_0_330_3|T_0_630_1|T_0_900_3,810,40.5,4
D_FTE571,FTE,1,S_2434b763626c,825,1095,T_1_825_1,270,40.5,4
D_FTE571,FTE,2,P_064ef5667ee7,390,945,T_2_390_11|T_2_675_11,540,40.5,4
D_FTE571,FTE,4,T_d483d086babd,285,1110,T_4_285_2|T_4_555_5|T_4_840_1,810,40.5,4
D_PT572,PT,0,T_51e8a7ea297b,345,1200,T_0_345_6|T_0_645_1|T_0_930_2,810,31.5,4
D_PT572,PT,1,S_3f18cf5603ca,870,1140,T_1_870_6,270,31.5,4
D_PT572,PT,2,S_699cf6a4c675,405,675,T_2_405_6,270,31.5,4
D_PT572,PT,4,P_8b6ac698bb84,285,855,T_4_285_3|T_4_585_1,540,31.5,4
D_FTE573,FTE,0,P_32884abbac4a,390,930,T_0_390_1|T_0_660_6,540,45.0,4
D_FTE573,FTE,1,T_deecd132c56b,270,1080,T_1_270_1|T_1_540_3|T_1_810_10,810,45.0,4
D_FTE573,FTE,2,P_83ea103a288a,300,855,T_2_300_4|T_2_585_2,540,45.0,4
D_FTE573,FTE,4,T_718bf7a53373,300,1155,T_4_300_2|T_4_615_2|T_4_885_5,810,45.0,4
D_FTE574,FTE,0,T_73c199ac17d8,210,1020,T_0_210_2|T_0_480_2|T_0_750_2,810,40.5,4
D_FTE574,FTE,1,T_43b637119350,240,1050,T_1_240_2|T_1_510_3|T_1_780_1,810,40.5,4
D_FTE574,FTE,2,P_f0e4093e3dd1,360,900,T_2_360_5|T_2_630_11,540,40.5,4
D_FTE574,FTE,4,S_d6b98bf82d50,975,1245,T_4_975_1,270,40.5,4
D_FTE575,FTE,0,T_94a74cc383c7,255,1080,T_0_255_1|T_0_540_3|T_0_810_5,810,45.0,4
D_FTE575,FTE,1,T_215284b23356,375,1200,T_1_375_2|T_1_645_6|T_1_930_10,810,45.0,4
D_FTE575,FTE,2,S_fcee3f911491,435,705,T_2_435_1,270,45.0,4
D_FTE575,FTE,4,T_0636376e92df,345,1155,T_4_345_10|T_4_615_4|T_4_885_1,810,45.0,4
D_PT576,PT,0,T_75f361fcee31,300,1125,T_0_300_5|T_0_585_7|T_0_855_4,810,36.0,4
D_PT576,PT,1,P_b063f7808b3b,360,915,T_1_360_6|T_1_645_4,540,36.0,4
D_PT576,PT,2,P_339145bfc1cd,240,795,T_2_240_5|T_2_525_5,540,36.0,4
D_PT576,PT,4,S_86b44b723066,900,1170,T_4_900_6,270,36.0,4
D_FTE577,FTE,0,T_deb6a71035ed,330,1155,T_0_330_6|T_0_615_5|T_0_885_3,810,45.0,4
D_FTE577,FTE,1,P_2e3868aab0fc,375,915,T_1_375_1|T_1_645_1,540,45.0,4
D_FTE577,FTE,2,P_6d010da61189,405,960,T_2_405_5|T_2_690_1,540,45.0,4
D_FTE577,FTE,4,T_d0ef926ea106,300,1125,T_4_300_4|T_4_585_2|T_4_855_3,810,45.0,4
D_PT578,PT,0,T_a60d69beed06,360,1215,T_0_360_1|T_0_660_2|T_0_945_2,810,36.0,4
D_PT578,PT,1,S_36042ae25462,675,945,T_1_675_3,270,36.0,4
D_PT578,PT,2,P_ae702802f69f,330,870,T_2_330_5|T_2_600_2,540,36.0,4
D_PT578,PT,4,P_6890f522dfa4,360,915,T_4_360_3|T_4_645_5,540,36.0,4
D_PT579,PT,0,S_893323af7357,1170,1439,T_0_1170_2,269,22.5,4
D_PT579,PT,1,S_8e2878a7d158,675,945,T_1_675_6,270,22.5,4
D_PT579,PT,2,P_ebdfe4ddd6ed,255,795,T_2_255_4|T_2_525_4,540,22.5,4
D_PT579,PT,4,S_88b84c498697,825,1095,T_4_825_1,270,22.5,4
D_PT580,PT,1,T_66c3fedf7abf,330,1155,T_1_330_6|T_1_615_3|T_1_885_2,810,36.0,3
D_PT580,PT,2,P_21ba5b234b36,405,945,T_2_405_9|T_2_675_2,540,36.0,3
D_PT580,PT,4,T_0db860f710d9,360,1170,T_4_360_12|T_4_630_2|T_4_900_5,810,36.0,3
D_PT581,PT,1,T_186e21191071,255,1065,T_1_255_1|T_1_525_2|T_1_795_2,810,27.0,3
D_PT581,PT,2,P_0a5b457aca63,300,840,T_2_300_5|T_2_570_7,540,27.0,3
D_PT581,PT,4,S_7186465aa391,975,1245,T_4_975_5,270,27.0,3
D_PT582,PT,1,T_412a2c5ab824,240,1065,T_1_240_3|T_1_525_5|T_1_795_1,810,36.0,3
D_PT582,PT,2,P_e98f99c79db9,360,900,T_2_360_3|T_2_630_3,540,36.0,3
D_PT582,PT,4,T_6f455f0c9c8e,330,1185,T_4_330_2|T_4_645_1|T_4_915_2,810,36.0,3
D_PT583,PT,1,T_752292cc0ff9,300,1110,T_1_300_3|T_1_570_2|T_1_840_10,810,36.0,3
D_PT583,PT,2,P_d22ee6412d9c,375,930,T_2_375_9|T_2_660_1,540,36.0,3
D_PT583,PT,4,T_6f6a4bfb40dc,300,1125,T_4_300_3|T_4_585_5|T_4_855_4,810,36.0,3
D_PT584,PT,1,T_7705ebb7922d,300,1125,T_1_300_4|T_1_585_8|T_1_855_10,810,31.5,3
D_PT584,PT,2,P_eb493c3149d1,375,930,T_2_375_6|T_2_660_3,540,31.5,3
D_PT584,PT,4,P_fabddcc08420,360,915,T_4_360_2|T_4_645_6,540,31.5,3
D_PT585,PT,1,T_42d42bc3ddf9,330,1140,T_1_330_5|T_1_600_5|T_1_870_1,810,31.5,3
D_PT585,PT,2,S_b80dc83869b1,390,660,T_2_390_9,270,31.5,3
D_PT585,PT,4,T_6e95bfc23765,270,1080,T_4_270_5|T_4_540_3|T_4_810_1,810,31.5,3
D_PT586,PT,1,P_2a70d8b232c5,360,900,T_1_360_3|T_1_630_5,540,22.5,3
D_PT586,PT,2,P_67a71ab31f9a,330,870,T_2_330_10|T_2_600_9,540,22.5,3
D_PT586,PT,4,S_9680c0e81d46,270,540,T_4_270_3,270,22.5,3
D_PT587,PT,1,P_d7db38243132,375,930,T_1_375_11|T_1_660_7,540,31.5,3
D_PT587,PT,2,P_6f259d11bdd0,240,780,T_2_240_1|T_2_510_3,540,31.5,3
D_PT587,PT,4,T_67903a4d5cd7,360,1170,T_4_360_9|T_4_630_3|T_4_900_4,810,31.5,3
D_PT588,PT,1,S_8393d3bbe5d4,690,960,T_1_690_6,270,18.0,3
D_PT588,PT,2,P_ab4c31bb8b04,315,855,T_2_315_3|T_2_585_1,540,18.0,3
D_PT588,PT,4,S_b3a66d13d4ef,780,1050,T_4_780_3,270,18.0,3
D_PT589,PT,1,T_ef0ef64d0f89,210,1020,T_1_210_2|T_1_480_7|T_1_750_4,810,36.0,3
D_PT589,PT,2,P_f0f7f0e3076e,390,930,T_2_390_8|T_2_660_6,540,36.0,3
D_PT589,PT,4,T_62d6b6000681,360,1170,T_4_360_13|T_4_630_1|T_4_900_3,810,36.0,3
D_PT590,PT,1,T_35dd7fb3fdeb,240,1065,T_1_240_4|T_1_525_1|T_1_795_3,810,27.0,3
D_PT590,PT,2,S_5d40dae5f28f,375,645,T_2_375_7,270,27.0,3
D_PT590,PT,4,P_4aa615fef177,270,810,T_4_270_10|T_4_540_1,540,27.0,3
D_PT591,PT,1,T_9b5e009aa72d,240,1065,T_1_240_5|T_1_525_4|T_1_795_4,810,22.5,3
D_PT591,PT,2,S_26f751cfaf8d,465,735,T_2_465_1,270,22.5,3
D_PT591,PT,4,S_e561e85fa171,1035,1305,T_4_1035_2,270,22.5,3
D_PT592,PT,1,T_7f65f4bf41d0,285,1095,T_1_285_1|T_1_555_5|T_1_825_4,810,27.0,3
D_PT592,PT,2,P_0eadda84cafe,375,915,T_2_375_4|T_2_645_2,540,27.0,3
D_PT592,PT,4,S_7d55c066ae1c,1080,1350,T_4_1080_5,270,27.0,3
D_PT593,PT,1,T_c5ce62da166d,300,1110,T_1_300_6|T_1_570_1|T_1_840_1,810,27.0,3
D_PT593,PT,2,P_3502a7a483fa,345,900,T_2_345_8|T_2_630_12,540,27.0,3
D_PT593,PT,4,S_9aaa8f8604ed,960,1230,T_4_960_3,270,27.0,3
D_PT594,PT,1,T_ad72d04b00e9,300,1125,T_1_300_5|T_1_585_7|T_1_855_1,810,27.0,3
D_PT594,PT,2,P_14a9b09949d3,390,930,T_2_390_13|T_2_660_7,540,27.0,3
D_PT594,PT,4,S_b7fc0e29eb59,375,645,T_4_375_7,270,27.0,3
D_PT595,PT,1,T_ef964058d4b7,345,1170,T_1_345_6|T_1_615_8|T_1_900_10,810,31.5,3
D_PT595,PT,2,S_879b30faaf2f,465,735,T_2_465_5,270,31.5,3
D_PT595,PT,4,T_345e42535655,375,1230,T_4_375_4|T_4_690_1|T_4_960_2,810,31.5,3
D_PT596,PT,2,S_71e7d4279ce9,240,510,T_2_240_2,270,18.0,2
D_PT596,PT,4,T_d4d5e6536832,345,1155,T_4_345_5|T_4_615_1|T_4_885_2,810,18.0,2
D_PT597,PT,2,P_556d18844bc9,240,795,T_2_240_6|T_2_525_2,540,13.5,2
D_PT597,PT,4,S_6c4afb815396,495,765,T_4_495_3,270,13.5,2
D_PT598,PT,2,P_89a95913b248,360,900,T_2_360_4|T_2_630_10,540,22.5,2
D_PT598,PT,4,T_946d676ccf94,270,1095,T_4_270_1|T_4_555_7|T_4_825_3,810,22.5,2
D_PT599,PT,2,P_34b837332b59,405,945,T_2_405_2|T_2_675_9,540,22.5,2
D_PT599,PT,4,T_47dacedcfe74,360,1215,T_4_360_11|T_4_675_1|T_4_945_1,810,22.5,2
D_PT600,PT,2,P_ace1e34ed894,420,960,T_2_420_9|T_2_690_4,540,22.5,2
D_PT600,PT,4,T_4660425826f4,360,1215,T_4_360_14|T_4_660_3|T_4_945_10,810,22.5,2
D_PT601,PT,2,P_e58fd3f923a4,210,750,T_2_210_2|T_2_480_1,540,22.5,2
D_PT601,PT,4,T_dbec3ad10daa,345,1185,T_4_345_3|T_4_645_4|T_4_915_5,810,22.5,2
D_PT602,PT,2,P_b3c71ee9ebe6,225,765,T_2_225_1|T_2_495_2,540,18.0,2
D_PT602,PT,4,P_f68bbf358f15,345,885,T_4_345_9|T_4_615_5,540,18.0,2
D_PT603,PT,2,P_7a1ecc0e006d,225,780,T_2_225_3|T_2_510_1,540,22.5,2
D_PT603,PT,4,T_9e76168db9c6,270,1080,T_4_270_7|T_4_540_7|T_4_810_3,810,22.5,2
D_PT604,PT,2,P_ce38f9f90247,240,825,T_2_240_10|T_2_555_2,540,13.5,2
D_PT604,PT,4,S_fab353b8f62c,945,1215,T_4_945_6,270,13.5,2
D_PT605,PT,2,P_ca0f57d0d8d9,285,825,T_2_285_2|T_2_555_8,540,13.5,2
D_PT605,PT,4,S_ec3bd4e4a4eb,855,1125,T_4_855_6,270,13.5,2
D_PT606,PT,2,P_02492f321fe6,300,840,T_2_300_3|T_2_570_8,540,13.5,2
D_PT606,PT,4,S_0bcb4a268f10,735,1005,T_4_735_5,270,13.5,2
D_PT607,PT,2,P_5ed42ad8faf3,360,900,T_2_360_8|T_2_630_9,540,13.5,2
D_PT607,PT,4,S_75b5ea253925,735,1005,T_4_735_7,270,13.5,2
D_PT608,PT,2,P_f65ef435dee7,375,930,T_2_375_1|T_2_660_4,540,18.0,2
D_PT608,PT,4,P_b158bd38bbf2,360,915,T_4_360_1|T_4_645_3,540,18.0,2
D_PT609,PT,2,P_7e94396d57a7,405,945,T_2_405_10|T_2_675_1,540,18.0,2
D_PT609,PT,4,P_fe68b3d8b5b5,360,945,T_4_360_6|T_4_675_2,540,18.0,2
D_PT610,PT,2,P_8d9c4a0f7c1f,420,960,T_2_420_4|T_2_690_6,540,22.5,2
D_PT610,PT,4,T_82278fccdf6b,270,1080,T_4_270_6|T_4_540_4|T_4_810_2,810,22.5,2
D_PT611,PT,0,T_031f2b220e14,390,1200,T_0_390_7|T_0_660_3|T_0_930_1,810,27.0,2
D_PT611,PT,1,T_02fd050a822e,420,1230,T_1_420_1|T_1_690_5|T_1_960_2,810,27.0,2
D_PT612,PT,0,T_002acbbb7336,540,1365,T_0_1095_1|T_0_540_2|T_0_810_4,810,27.0,2
D_PT612,PT,1,T_05c616ba6d0e,585,1410,T_1_1140_2|T_1_585_6|T_1_870_7,810,27.0,2
D_PT613,PT,0,T_007c58e5154b,540,1380,T_0_1110_2|T_0_540_1|T_0_840_5,810,27.0,2
D_PT613,PT,1,T_35de989bb167,600,1410,T_1_1140_1|T_1_600_2|T_1_870_8,810,27.0,2
D_PT614,PT,0,T_0008eb732cef,420,1290,T_0_1020_2|T_0_420_4|T_0_735_1,810,27.0,2
D_PT614,PT,1,T_08295e6a6c22,510,1320,T_1_1050_12|T_1_510_4|T_1_780_8,810,27.0,2
D_PT615,PT,0,T_001ee704eb31,300,1155,T_0_300_9|T_0_615_2|T_0_885_5,810,27.0,2
D_PT615,PT,1,T_2ecf2d8a52d3,375,1200,T_1_375_7|T_1_660_4|T_1_930_8,810,27.0,2
D_PT616,PT,0,T_00ad43607bbd,405,1245,T_0_405_5|T_0_690_8|T_0_975_2,810,27.0,2
D_PT616,PT,1,T_033fcc63ff96,465,1320,T_1_1050_11|T_1_465_2|T_1_780_4,810,27.0,2
D_PT617,PT,0,T_0018c921ca90,510,1395,T_0_1125_1|T_0_510_6|T_0_840_1,810,27.0,2
D_PT617,PT,1,T_03dc0931e4c9,615,1439,T_1_1170_5|T_1_615_2|T_1_900_8,809,27.0,2
D_PT618,PT,0,T_000f8cebb13a,345,1185,T_0_345_5|T_0_645_3|T_0_915_1,810,27.0,2
D_PT618,PT,1,T_0383e5135c43,405,1275,T_1_1005_1|T_1_405_6|T_1_720_7,810,27.0,2
D_PT619,PT,0,T_00134d944d7b,585,1425,T_0_1155_1|T_0_585_4|T_0_870_7,810,22.5,2
D_PT619,PT,1,P_5f8af4ca2b01,660,1275,T_1_1005_3|T_1_660_2,540,22.5,2
D_PT620,PT,0,T_2ad96d739ffe,630,1439,T_0_1170_1|T_0_630_4|T_0_900_6,809,13.5,1
D_PT621,PT,1,T_883bf17bc841,630,1439,T_1_1170_2|T_1_630_2|T_1_900_6,809,13.5,1
D_PT622,PT,1,T_97001ac46908,630,1439,T_1_1170_4|T_1_630_3|T_1_900_5,809,13.5,1
D_PT623,PT,0,T_1adab0b5e69b,525,1335,T_0_1065_2|T_0_525_10|T_0_795_3,810,13.5,1
D_PT624,PT,0,T_1bf1a5bccd12,345,1155,T_0_345_11|T_0_615_7|T_0_885_7,810,13.5,1
D_PT625,PT,0,T_221d1b642a2b,495,1305,T_0_1035_1|T_0_495_3|T_0_765_1,810,13.5,1
D_PT626,PT,0,T_2a449a596e4d,525,1335,T_0_1065_1|T_0_525_1|T_0_795_2,810,13.5,1
D_PT627,PT,0,T_2fb7c71a8f9c,495,1305,T_0_1035_2|T_0_495_6|T_0_765_2,810,13.5,1
D_PT628,PT,0,T_49a06318a142,345,1155,T_0_345_8|T_0_615_4|T_0_885_8,810,13.5,1
D_PT629,PT,0,T_56045e6c4f16,345,1155,T_0_345_2|T_0_615_6|T_0_885_9,810,13.5,1
D_PT630,PT,0,T_5aaf6cebc051,345,1155,T_0_345_10|T_0_615_10|T_0_885_6,810,13.5,1
D_PT631,PT,0,T_68ff1efafb35,405,1215,T_0_405_4|T_0_675_4|T_0_945_1,810,13.5,1
D_PT632,PT,0,T_814295d6dbfc,585,1395,T_0_1125_3|T_0_585_10|T_0_855_7,810,13.5,1
D_PT633,PT,0,T_88617bc4e0a8,540,1350,T_0_1080_2|T_0_540_4|T_0_810_2,810,13.5,1
D_PT634,PT,0,T_a1a42c4dd544,420,1230,T_0_420_3|T_0_690_5|T_0_960_2,810,13.5,1
D_PT635,PT,0,T_c03e44af40a1,450,1260,T_0_450_2|T_0_720_2|T_0_990_2,810,13.5,1
D_PT636,PT,0,T_eedd3402f231,315,1125,T_0_315_4|T_0_585_5|T_0_855_6,810,13.5,1
D_PT637,PT,0,T_f2a32e7ac530,510,1320,T_0_1050_2|T_0_510_4|T_0_780_4,810,13.5,1
D_PT638,PT,0,T_029236cee516,300,1140,T_0_300_8|T_0_600_4|T_0_870_4,810,31.5,3
D_PT638,PT,1,T_01ddce0b860f,360,1275,T_1_1005_2|T_1_360_8|T_1_675_7,810,31.5,3
D_PT638,PT,2,S_23ad75bbf053,525,795,T_2_525_1,270,31.5,3
D_PT639,PT,0,T_003338542e7a,405,1365,T_0_1095_2|T_0_405_8|T_0_705_1,810,31.5,3
D_PT639,PT,1,T_00a7dcb1061a,585,1395,T_1_1125_4|T_1_585_4|T_1_855_8,810,31.5,3
D_PT639,PT,2,S_ce612a5b357d,645,915,T_2_645_7,270,31.5,3
D_PT640,PT,0,T_02181fbc5dd0,285,1125,T_0_285_2|T_0_555_2|T_0_855_3,810,27.0,2
D_PT640,PT,1,T_0c73977cc9a4,345,1275,T_1_1005_6|T_1_345_4|T_1_720_4,810,27.0,2
D_PT641,PT,0,T_005cc056cdc9,495,1410,T_0_1140_1|T_0_495_5|T_0_870_6,810,22.5,2
D_PT641,PT,1,P_4c660229396c,660,1290,T_1_1020_1|T_1_660_3,540,22.5,2
D_PT642,PT,1,P_018697309135,450,1020,T_1_450_3|T_1_750_5,540,18.0,2
D_PT642,PT,2,P_1c22f8ed90d3,240,840,T_2_240_4|T_2_570_2,540,18.0,2
D_PT643,PT,1,P_0a6d08d7ec16,555,1125,T_1_555_2|T_1_855_3,540,18.0,2
D_PT643,PT,2,P_2ee1e0bc0fa0,345,915,T_2_345_7|T_2_645_8,540,18.0,2
D_PT644,PT,1,P_016e0f176c57,540,1080,T_1_540_6|T_1_810_8,540,18.0,2
D_PT644,PT,2,P_3ba2ea86517a,300,855,T_2_300_1|T_2_585_8,540,18.0,2
D_PT645,PT,1,P_0056a9c536f1,435,990,T_1_435_4|T_1_720_2,540,18.0,2
D_PT645,PT,2,P_4868dbb35549,210,750,T_2_210_1|T_2_480_6,540,18.0,2
D_PT646,PT,1,P_036158dcdb63,435,1005,T_1_435_6|T_1_735_2,540,18.0,2
D_PT646,PT,2,P_7274ef809f19,225,825,T_2_225_2|T_2_555_3,540,18.0,2
D_PT647,PT,1,P_0052741eeb89,495,1050,T_1_495_3|T_1_780_9,540,18.0,2
D_PT647,PT,2,P_beee560db5dd,270,870,T_2_270_2|T_2_600_4,540,18.0,2
D_PT648,PT,0,P_0451e3aef5b5,690,1320,T_0_1050_1|T_0_690_6,540,22.5,2
D_PT648,PT,1,T_0b6e6422ad45,540,1350,T_1_1080_4|T_1_540_7|T_1_810_7,810,22.5,2
D_PT649,PT,0,P_00a7c7970066,720,1350,T_0_1080_1|T_0_720_1,540,22.5,2
D_PT649,PT,1,T_00647c1af806,570,1395,T_1_1125_3|T_1_570_5|T_1_855_4,810,22.5,2
D_PT650,PT,1,T_0c2b6264d655,570,1380,T_1_1110_5|T_1_570_3|T_1_840_3,810,13.5,1
D_PT651,PT,1,T_10e2941af860,480,1290,T_1_1020_2|T_1_480_4|T_1_750_6,810,13.5,1
D_PT652,PT,1,T_179cf34384e5,465,1275,T_1_1005_4|T_1_465_3|T_1_735_3,810,13.5,1
D_PT653,PT,1,T_23ecaa3f6d17,510,1320,T_1_1050_10|T_1_510_2|T_1_780_3,810,13.5,1
D_PT654,PT,1,T_315c9d4bd0b7,480,1290,T_1_1020_3|T_1_480_5|T_1_750_3,810,13.5,1
D_PT655,PT,1,T_38ec9679910c,555,1365,T_1_1095_2|T_1_555_8|T_1_825_5,810,13.5,1
D_PT656,PT,1,T_407c08851662,510,1320,T_1_1050_1|T_1_510_1|T_1_780_7,810,13.5,1
D_PT657,PT,1,T_41cd1c56f79d,570,1380,T_1_1110_1|T_1_570_4|T_1_840_6,810,13.5,1
D_PT658,PT,1,T_442eac56ac83,540,1350,T_1_1080_10|T_1_540_5|T_1_810_3,810,13.5,1
D_PT659,PT,1,T_4e2bbcb42fa9,480,1290,T_1_1020_5|T_1_480_1|T_1_750_7,810,13.5,1
D_PT660,PT,1,T_5231eb3c9392,540,1350,T_1_1080_2|T_1_540_8|T_1_810_6,810,13.5,1
D_PT661,PT,1,T_5f47cc2c154b,555,1365,T_1_1095_1|T_1_555_6|T_1_825_9,810,13.5,1
D_PT662,PT,1,T_6cc8fb634509,555,1365,T_1_1095_3|T_1_555_1|T_1_825_7,810,13.5,1
D_PT663,PT,1,T_711389d58fd2,405,1215,T_1_405_7|T_1_675_4|T_1_945_1,810,13.5,1
D_PT664,PT,1,T_761d26850c41,585,1395,T_1_1125_2|T_1_585_3|T_1_855_5,810,13.5,1
D_PT665,PT,1,T_800cdb3e2b18,540,1350,T_1_1080_1|T_1_540_1|T_1_810_9,810,13.5,1
D_PT666,PT,1,T_81044cc69ab8,465,1275,T_1_1005_5|T_1_465_5|T_1_735_1,810,13.5,1
D_PT667,PT,1,T_816e5d0ebd59,585,1395,T_1_1125_5|T_1_585_5|T_1_855_6,810,13.5,1
D_PT668,PT,1,T_8e6c9616ed42,585,1395,T_1_1125_1|T_1_585_2|T_1_855_7,810,13.5,1
D_PT669,PT,1,T_8e6ce20978a0,480,1290,T_1_1020_4|T_1_480_6|T_1_750_2,810,13.5,1
D_PT670,PT,0,T_0026e2edb32f,525,1425,T_0_1155_2|T_0_525_4|T_0_840_7,810,27.0,3
D_PT670,PT,1,P_dbdd66526bbe,705,1410,T_1_1140_5|T_1_705_1,540,27.0,3
D_PT670,PT,2,S_8c4f07b4d447,630,900,T_2_630_4,270,27.0,3
D_PT671,PT,1,T_974ddd4c296a,240,1170,T_1_240_1|T_1_600_4|T_1_900_4,810,22.5,2
D_PT671,PT,2,P_83592e307ace,390,945,T_2_390_3|T_2_675_8,540,22.5,2
D_PT672,PT,1,P_1fa427fe17c0,465,1095,T_1_465_4|T_1_825_10,540,18.0,2
D_PT672,PT,2,P_4271ad905c98,315,885,T_2_315_2|T_2_615_8,540,18.0,2
D_PT673,PT,1,P_019fea34d572,420,1035,T_1_420_5|T_1_765_2,540,18.0,2
D_PT673,PT,2,P_8e08dbacee27,255,840,T_2_255_1|T_2_570_6,540,18.0,2
D_PT674,PT,0,P_03301c8a7fd2,660,1275,T_0_1005_2|T_0_660_1,540,27.0,3
D_PT674,PT,1,T_05d7e9279df7,495,1380,T_1_1110_3|T_1_495_8|T_1_825_2,810,27.0,3
D_PT674,PT,2,S_6d58387f1087,615,885,T_2_615_7,270,27.0,3
D_PT675,PT,1,S_21e6f5a69bd1,840,1110,T_1_840_2,270,13.5,2
D_PT675,PT,2,P_35f57aa32bb0,330,915,T_2_330_2|T_2_645_3,540,13.5,2
D_PT676,PT,1,S_182dafabf7dc,855,1125,T_1_855_9,270,13.5,2
D_PT676,PT,2,P_3632d1955884,345,915,T_2_345_3|T_2_645_9,540,13.5,2
D_PT677,PT,4,T_1650c3ed236a,510,1320,T_4_1050_1|T_4_510_1|T_4_780_4,810,13.5,1
D_PT678,PT,4,T_335e74f571bd,465,1275,T_4_1005_1|T_4_465_1|T_4_735_4,810,13.5,1
D_PT679,PT,4,T_3bcece44455c,420,1230,T_4_420_5|T_4_690_3|T_4_960_4,810,13.5,1
D_PT680,PT,4,T_4cb6c2ed7a48,480,1290,T_4_1020_1|T_4_480_2|T_4_750_6,810,13.5,1
D_PT681,PT,4,T_4f3afdc05555,450,1260,T_4_450_2|T_4_720_2|T_4_990_2,810,13.5,1
D_PT682,PT,4,T_606c61e0ac48,450,1260,T_4_450_4|T_4_720_1|T_4_990_4,810,13.5,1
D_PT683,PT,4,T_71ee927abd4b,495,1305,T_4_1035_1|T_4_495_2|T_4_765_4,810,13.5,1
D_PT684,PT,4,T_7ccad93e35fa,450,1260,T_4_450_5|T_4_720_3|T_4_990_3,810,13.5,1
D_PT685,PT,4,T_801144e5f28a,480,1290,T_4_1020_2|T_4_480_3|T_4_750_1,810,13.5,1
D_PT686,PT,4,T_8b522bdd2582,435,1245,T_4_435_1|T_4_705_3|T_4_975_2,810,13.5,1
D_PT687,PT,4,T_cb28aa3d4931,420,1230,T_4_420_3|T_4_690_2|T_4_960_5,810,13.5,1
D_PT688,PT,4,T_d8bd393d491e,525,1335,T_4_1065_4|T_4_525_8|T_4_795_1,810,13.5,1
D_PT689,PT,4,T_d9d65b0bfc85,510,1320,T_4_1050_3|T_4_510_2|T_4_780_2,810,13.5,1
D_PT690,PT,4,T_f73879bd8f80,435,1245,T_4_435_2|T_4_705_2|T_4_975_4,810,13.5,1
D_PT691,PT,0,T_1734335c36dd,315,1140,T_0_315_5|T_0_585_6|T_0_870_10,810,13.5,1
D_PT692,PT,0,T_528d611d3439,465,1290,T_0_1020_1|T_0_465_1|T_0_735_3,810,13.5,1
D_PT693,PT,0,T_81330170be77,585,1410,T_0_1140_2|T_0_585_2|T_0_870_8,810,13.5,1
D_PT694,PT,1,T_11a5504b8e1a,495,1320,T_1_1050_3|T_1_495_5|T_1_780_5,810,13.5,1
D_PT695,PT,1,T_d252b9bd26d8,495,1320,T_1_1050_5|T_1_495_6|T_1_780_2,810,13.5,1
D_PT696,PT,4,T_0a343f1fe97b,510,1335,T_4_1065_1|T_4_510_3|T_4_795_2,810,13.5,1
D_PT697,PT,4,T_0b2ec31dd3a2,450,1275,T_4_1005_2|T_4_450_7|T_4_735_3,810,13.5,1
D_PT698,PT,4,T_3046dd19ac6b,420,1245,T_4_420_4|T_4_705_1|T_4_975_3,810,13.5,1
D_PT699,PT,4,T_418238257f03,495,1320,T_4_1050_2|T_4_495_4|T_4_780_1,810,13.5,1
D_PT700,PT,4,T_41a2bbe8f6bb,525,1350,T_4_1080_3|T_4_525_3|T_4_810_6,810,13.5,1
D_PT701,PT,1,P_032ed559f9bd,420,1095,T_1_420_3|T_1_825_8,540,18.0,2
D_PT701,PT,2,P_64fbf4cc4a4b,315,870,T_2_315_4|T_2_600_7,540,18.0,2
D_PT702,PT,1,P_009e8d8bbdbf,315,960,T_1_315_2|T_1_690_4,540,18.0,2
D_PT702,PT,2,P_6f5dccf759c2,240,855,T_2_240_8|T_2_585_4,540,18.0,2
D_PT703,PT,1,P_0160a6a58968,465,1035,T_1_465_7|T_1_765_1,540,18.0,2
D_PT703,PT,2,P_f9c6a0a6f695,285,855,T_2_285_4|T_2_585_7,540,18.0,2
D_PT704,PT,1,P_0509cc7345bb,450,1110,T_1_450_4|T_1_840_4,540,18.0,2
D_PT704,PT,2,P_225eaa775ac1,330,900,T_2_330_6|T_2_630_6,540,18.0,2
D_PT705,PT,1,P_043c882746d0,465,1140,T_1_465_6|T_1_870_4,540,18.0,2
D_PT705,PT,2,P_529f738b985f,360,900,T_2_360_6|T_2_630_14,540,18.0,2
D_PT706,PT,1,T_3c70fb2457f9,360,1350,T_1_1080_5|T_1_360_2|T_1_810_1,810,18.0,2
D_PT706,PT,2,S_67b39610b565,570,840,T_2_570_1,270,18.0,2
D_PT707,PT,4,T_319a2e06edf4,495,1320,T_4_1050_7|T_4_495_1|T_4_765_3,810,13.5,1
D_PT708,PT,4,T_f5cb043fb237,480,1320,T_4_1050_6|T_4_480_1|T_4_750_4,810,13.5,1
D_PT709,PT,0,T_7125a049b1c6,525,1380,T_0_1110_1|T_0_525_5|T_0_840_6,810,13.5,1
D_PT710,PT,1,T_5cafbaa0d002,435,1290,T_1_1020_7|T_1_435_5|T_1_720_8,810,13.5,1
D_PT711,PT,4,T_c2a8d7408286,525,1380,T_4_1110_3|T_4_525_4|T_4_840_5,810,13.5,1
D_PT712,PT,0,T_0027f9c0a961,405,1395,T_0_1125_2|T_0_405_6|T_0_735_2,810,27.0,2
D_PT712,PT,4,T_00a79d29d2c0,450,1335,T_4_1065_3|T_4_450_6|T_4_765_2,810,27.0,2
D_PT713,PT,1,T_4aec2cc4183d,420,1290,T_1_1020_6|T_1_420_4|T_1_720_10,810,13.5,1
D_PT714,PT,1,T_4cbc402e6ea2,420,1290,T_1_1020_8|T_1_420_6|T_1_720_1,810,13.5,1
D_PT715,PT,1,T_696e96540108,420,1290,T_1_1020_9|T_1_420_2|T_1_720_9,810,13.5,1
