tour_id,day,start_min,end_min,duration_min
T_0_210_1,0,210,480,270
T_0_210_2,0,210,480,270
T_0_225_1,0,225,495,270
T_0_225_2,0,225,495,270
T_0_240_1,0,240,510,270
T_0_240_2,0,240,510,270
T_0_255_1,0,255,525,270
T_0_270_1,0,270,540,270
T_0_270_2,0,270,540,270
T_0_285_1,0,285,555,270
T_0_285_2,0,285,555,270
T_0_285_3,0,285,555,270
T_0_300_1,0,300,570,270
T_0_300_2,0,300,570,270
T_0_300_3,0,300,570,270
T_0_300_4,0,300,570,270
T_0_300_5,0,300,570,270
T_0_300_6,0,300,570,270
T_0_300_7,0,300,570,270
T_0_300_8,0,300,570,270
T_0_300_9,0,300,570,270
T_0_300_10,0,300,570,270
T_0_315_1,0,315,585,270
T_0_315_2,0,315,585,270
T_0_315_3,0,315,585,270
T_0_315_4,0,315,585,270
T_0_315_5,0,315,585,270
T_0_330_1,0,330,600,270
T_0_330_2,0,330,600,270
T_0_330_3,0,330,600,270
T_0_330_4,0,330,600,270
T_0_330_5,0,330,600,270
T_0_330_6,0,330,600,270
T_0_330_7,0,330,600,270
T_0_330_8,0,330,600,270
T_0_330_9,0,330,600,270
T_0_330_10,0,330,600,270
T_0_345_1,0,345,615,270
T_0_345_2,0,345,615,270
T_0_345_3,0,345,615,270
T_0_345_4,0,345,615,270
T_0_345_5,0,345,615,270
T_0_345_6,0,345,615,270
T_0_345_7,0,345,615,270
T_0_345_8,0,345,615,270
T_0_345_9,0,345,615,270
T_0_345_10,0,345,615,270
T_0_345_11,0,345,615,270
T_0_360_1,0,360,630,270
T_0_360_2,0,360,630,270
T_0_360_3,0,360,630,270
T_0_360_4,0,360,630,270
T_0_375_1,0,375,645,270
T_0_390_1,0,390,660,270
T_0_390_2,0,390,660,270
T_0_390_3,0,390,660,270
T_0_390_4,0,390,660,270
T_0_390_5,0,390,660,270
T_0_390_6,0,390,660,270
T_0_390_7,0,390,660,270
T_0_390_8,0,390,660,270
T_0_390_9,0,390,660,270
T_0_390_10,0,390,660,270
T_0_390_11,0,390,660,270
T_0_405_1,0,405,675,270
T_0_405_2,0,405,675,270
T_0_405_3,0,405,675,270
T_0_405_4,0,405,675,270
T_0_405_5,0,405,675,270
T_0_405_6,0,405,675,270
T_0_405_7,0,405,675,270
T_0_405_8,0,405,675,270
T_0_405_9,0,405,675,270
T_0_405_10,0,405,675,270
T_0_405_11,0,405,675,270
T_0_420_1,0,420,690,270
T_0_420_2,0,420,690,270
T_0_420_3,0,420,690,270
T_0_420_4,0,420,690,270
T_0_420_5,0,420,690,270
T_0_420_6,0,420,690,270
T_0_435_1,0,435,705,270
T_0_435_2,0,435,705,270
T_0_450_1,0,450,720,270
T_0_450_2,0,450,720,270
T_0_465_1,0,465,735,270
T_0_465_2,0,465,735,270
T_0_480_1,0,480,750,270
T_0_480_2,0,480,750,270
T_0_495_1,0,495,765,270
T_0_495_2,0,495,765,270
T_0_495_3,0,495,765,270
T_0_495_4,0,495,765,270
T_0_495_5,0,495,765,270
T_0_495_6,0,495,765,270
T_0_495_7,0,495,765,270
T_0_495_8,0,495,765,270
T_0_495_9,0,495,765,270
T_0_495_10,0,495,765,270
T_0_495_11,0,495,765,270
T_0_510_1,0,510,780,270
T_0_510_2,0,510,780,270
T_0_510_3,0,510,780,270
T_0_510_4,0,510,780,270
T_0_510_5,0,510,780,270
T_0_510_6,0,510,780,270
T_0_525_1,0,525,795,270
T_0_525_2,0,525,795,270
T_0_525_3,0,525,795,270
T_0_525_4,0,525,795,270
T_0_525_5,0,525,795,270
T_0_525_6,0,525,795,270
T_0_525_7,0,525,795,270
T_0_525_8,0,525,795,270
T_0_525_9,0,525,795,270
T_0_525_10,0,525,795,270
T_0_540_1,0,540,810,270
T_0_540_2,0,540,810,270
T_0_540_3,0,540,810,270
T_0_540_4,0,540,810,270
T_0_555_1,0,555,825,270
T_0_555_2,0,555,825,270
T_0_555_3,0,555,825,270
T_0_555_4,0,555,825,270
T_0_570_1,0,570,840,270
T_0_570_2,0,570,840,270
T_0_585_1,0,585,855,270
T_0_585_2,0,585,855,270
T_0_585_3,0,585,855,270
T_0_585_4,0,585,855,270
T_0_585_5,0,585,855,270
T_0_585_6,0,585,855,270
T_0_585_7,0,585,855,270
T_0_585_8,0,585,855,270
T_0_585_9,0,585,855,270
T_0_585_10,0,585,855,270
T_0_600_1,0,600,870,270
T_0_600_2,0,600,870,270
T_0_600_3,0,600,870,270
T_0_600_4,0,600,870,270
T_0_615_1,0,615,885,270
T_0_615_2,0,615,885,270
T_0_615_3,0,615,885,270
T_0_615_4,0,615,885,270
T_0_615_5,0,615,885,270
T_0_615_6,0,615,885,270
T_0_615_7,0,615,885,270
T_0_615_8,0,615,885,270
T_0_615_9,0,615,885,270
T_0_615_10,0,615,885,270
T_0_630_1,0,630,900,270
T_0_630_2,0,630,900,270
T_0_630_3,0,630,900,270
T_0_630_4,0,630,900,270
T_0_645_1,0,645,915,270
T_0_645_2,0,645,915,270
T_0_645_3,0,645,915,270
T_0_660_1,0,660,930,270
T_0_660_2,0,660,930,270
T_0_660_3,0,660,930,270
T_0_660_4,0,660,930,270
T_0_660_5,0,660,930,270
T_0_660_6,0,660,930,270
T_0_675_1,0,675,945,270
T_0_675_2,0,675,945,270
T_0_675_3,0,675,945,270
T_0_675_4,0,675,945,270
T_0_690_1,0,690,960,270
T_0_690_2,0,690,960,270
T_0_690_3,0,690,960,270
T_0_690_4,0,690,960,270
T_0_690_5,0,690,960,270
T_0_690_6,0,690,960,270
T_0_690_7,0,690,960,270
T_0_690_8,0,690,960,270
T_0_690_9,0,690,960,270
T_0_690_10,0,690,960,270
T_0_690_11,0,690,960,270
T_0_705_1,0,705,975,270
T_0_705_2,0,705,975,270
T_0_705_3,0,705,975,270
T_0_705_4,0,705,975,270
T_0_720_1,0,720,990,270
T_0_720_2,0,720,990,270
T_0_735_1,0,735,1005,270
T_0_735_2,0,735,1005,270
T_0_735_3,0,735,1005,270
T_0_750_1,0,750,1020,270
T_0_750_2,0,750,1020,270
T_0_765_1,0,765,1035,270
T_0_765_2,0,765,1035,270
T_0_780_1,0,780,1050,270
T_0_780_2,0,780,1050,270
T_0_780_3,0,780,1050,270
T_0_780_4,0,780,1050,270
T_0_795_1,0,795,1065,270
T_0_795_2,0,795,1065,270
T_0_795_3,0,795,1065,270
T_0_795_4,0,795,1065,270
T_0_795_5,0,795,1065,270
T_0_795_6,0,795,1065,270
T_0_810_1,0,810,1080,270
T_0_810_2,0,810,1080,270
T_0_810_3,0,810,1080,270
T_0_810_4,0,810,1080,270
T_0_810_5,0,810,1080,270
T_0_810_6,0,810,1080,270
T_0_825_1,0,825,1095,270
T_0_840_1,0,840,1110,270
T_0_840_2,0,840,1110,270
T_0_840_3,0,840,1110,270
T_0_840_4,0,840,1110,270
T_0_840_5,0,840,1110,270
T_0_840_6,0,840,1110,270
T_0_840_7,0,840,1110,270
T_0_855_1,0,855,1125,270
T_0_855_2,0,855,1125,270
T_0_855_3,0,855,1125,270
T_0_855_4,0,855,1125,270
T_0_855_5,0,855,1125,270
T_0_855_6,0,855,1125,270
T_0_855_7,0,855,1125,270
T_0_855_8,0,855,1125,270
T_0_870_1,0,870,1140,270
T_0_870_2,0,870,1140,270
T_0_870_3,0,870,1140,270
T_0_870_4,0,870,1140,270
T_0_870_5,0,870,1140,270
T_0_870_6,0,870,1140,270
T_0_870_7,0,870,1140,270
T_0_870_8,0,870,1140,270
T_0_870_9,0,870,1140,270
T_0_870_10,0,870,1140,270
T_0_870_11,0,870,1140,270
T_0_885_1,0,885,1155,270
T_0_885_2,0,885,1155,270
T_0_885_3,0,885,1155,270
T_0_885_4,0,885,1155,270
T_0_885_5,0,885,1155,270
T_0_885_6,0,885,1155,270
T_0_885_7,0,885,1155,270
T_0_885_8,0,885,1155,270
T_0_885_9,0,885,1155,270
T_0_885_10,0,885,1155,270
T_0_900_1,0,900,1170,270
T_0_900_2,0,900,1170,270
T_0_900_3,0,900,1170,270
T_0_900_4,0,900,1170,270
T_0_900_5,0,900,1170,270
T_0_900_6,0,900,1170,270
T_0_915_1,0,915,1185,270
T_0_915_2,0,915,1185,270
T_0_915_3,0,915,1185,270
T_0_930_1,0,930,1200,270
T_0_930_2,0,930,1200,270
T_0_945_1,0,945,1215,270
T_0_945_2,0,945,1215,270
T_0_960_1,0,960,1230,270
T_0_960_2,0,960,1230,270
T_0_975_1,0,975,1245,270
T_0_975_2,0,975,1245,270
T_0_990_1,0,990,1260,270
T_0_990_2,0,990,1260,270
T_0_1005_1,0,1005,1275,270
T_0_1005_2,0,1005,1275,270
T_0_1020_1,0,1020,1290,270
T_0_1020_2,0,1020,1290,270
T_0_1035_1,0,1035,1305,270
T_0_1035_2,0,1035,1305,270
T_0_1050_1,0,1050,1320,270
T_0_1050_2,0,1050,1320,270
T_0_1065_1,0,1065,1335,270
T_0_1065_2,0,1065,1335,270
T_0_1080_1,0,1080,1350,270
T_0_1080_2,0,1080,1350,270
T_0_1095_1,0,1095,1365,270
T_0_1095_2,0,1095,1365,270
T_0_1110_1,0,1110,1380,270
T_0_1110_2,0,1110,1380,270
T_0_1125_1,0,1125,1395,270
T_0_1125_2,0,1125,1395,270
T_0_1125_3,0,1125,1395,270
T_0_1140_1,0,1140,1410,270
T_0_1140_2,0,1140,1410,270
T_0_1155_1,0,1155,1425,270
T_0_1155_2,0,1155,1425,270
T_0_1170_1,0,1170,1439,269
T_0_1170_2,0,1170,1439,269
T_0_1170_3,0,1170,1439,269
T_0_1170_4,0,1170,1439,269
T_1_210_1,1,210,480,270
T_1_210_2,1,210,480,270
T_1_225_1,1,225,495,270
T_1_225_2,1,225,495,270
T_1_240_1,1,240,510,270
T_1_240_2,1,240,510,270
T_1_240_3,1,240,510,270
T_1_240_4,1,240,510,270
T_1_240_5,1,240,510,270
T_1_255_1,1,255,525,270
T_1_270_1,1,270,540,270
T_1_285_1,1,285,555,270
T_1_300_1,1,300,570,270
T_1_300_2,1,300,570,270
T_1_300_3,1,300,570,270
T_1_300_4,1,300,570,270
T_1_300_5,1,300,570,270
T_1_300_6,1,300,570,270
T_1_315_1,1,315,585,270
T_1_315_2,1,315,585,270
T_1_315_3,1,315,585,270
T_1_315_4,1,315,585,270
T_1_315_5,1,315,585,270
T_1_330_1,1,330,600,270
T_1_330_2,1,330,600,270
T_1_330_3,1,330,600,270
T_1_330_4,1,330,600,270
T_1_330_5,1,330,600,270
T_1_330_6,1,330,600,270
T_1_345_1,1,345,615,270
T_1_345_2,1,345,615,270
T_1_345_3,1,345,615,270
T_1_345_4,1,345,615,270
T_1_345_5,1,345,615,270
T_1_345_6,1,345,615,270
T_1_360_1,1,360,630,270
T_1_360_2,1,360,630,270
T_1_360_3,1,360,630,270
T_1_360_4,1,360,630,270
T_1_360_5,1,360,630,270
T_1_360_6,1,360,630,270
T_1_360_7,1,360,630,270
T_1_360_8,1,360,630,270
T_1_375_1,1,375,645,270
T_1_375_2,1,375,645,270
T_1_375_3,1,375,645,270
T_1_375_4,1,375,645,270
T_1_375_5,1,375,645,270
T_1_375_6,1,375,645,270
T_1_375_7,1,375,645,270
T_1_375_8,1,375,645,270
T_1_375_9,1,375,645,270
T_1_375_10,1,375,645,270
T_1_375_11,1,375,645,270
T_1_390_1,1,390,660,270
T_1_405_1,1,405,675,270
T_1_405_2,1,405,675,270
T_1_405_3,1,405,675,270
T_1_405_4,1,405,675,270
T_1_405_5,1,405,675,270
T_1_405_6,1,405,675,270
T_1_405_7,1,405,675,270
T_1_420_1,1,420,690,270
T_1_420_2,1,420,690,270
T_1_420_3,1,420,690,270
T_1_420_4,1,420,690,270
T_1_420_5,1,420,690,270
T_1_420_6,1,420,690,270
T_1_435_1,1,435,705,270
T_1_435_2,1,435,705,270
T_1_435_3,1,435,705,270
T_1_435_4,1,435,705,270
T_1_435_5,1,435,705,270
T_1_435_6,1,435,705,270
T_1_450_1,1,450,720,270
T_1_450_2,1,450,720,270
T_1_450_3,1,450,720,270
T_1_450_4,1,450,720,270
T_1_465_1,1,465,735,270
T_1_465_2,1,465,735,270
T_1_465_3,1,465,735,270
T_1_465_4,1,465,735,270
T_1_465_5,1,465,735,270
T_1_465_6,1,465,735,270
T_1_465_7,1,465,735,270
T_1_465_8,1,465,735,270
T_1_480_1,1,480,750,270
T_1_480_2,1,480,750,270
T_1_480_3,1,480,750,270
T_1_480_4,1,480,750,270
T_1_480_5,1,480,750,270
T_1_480_6,1,480,750,270
T_1_480_7,1,480,750,270
T_1_480_8,1,480,750,270
T_1_495_1,1,495,765,270
T_1_495_2,1,495,765,270
T_1_495_3,1,495,765,270
T_1_495_4,1,495,765,270
T_1_495_5,1,495,765,270
T_1_495_6,1,495,765,270
T_1_495_7,1,495,765,270
T_1_495_8,1,495,765,270
T_1_495_9,1,495,765,270
T_1_510_1,1,510,780,270
T_1_510_2,1,510,780,270
T_1_510_3,1,510,780,270
T_1_510_4,1,510,780,270
T_1_525_1,1,525,795,270
T_1_525_2,1,525,795,270
T_1_525_3,1,525,795,270
T_1_525_4,1,525,795,270
T_1_525_5,1,525,795,270
T_1_540_1,1,540,810,270
T_1_540_2,1,540,810,270
T_1_540_3,1,540,810,270
T_1_540_4,1,540,810,270
T_1_540_5,1,540,810,270
T_1_540_6,1,540,810,270
T_1_540_7,1,540,810,270
T_1_540_8,1,540,810,270
T_1_555_1,1,555,825,270
T_1_555_2,1,555,825,270
T_1_555_3,1,555,825,270
T_1_555_4,1,555,825,270
T_1_555_5,1,555,825,270
T_1_555_6,1,555,825,270
T_1_555_7,1,555,825,270
T_1_555_8,1,555,825,270
T_1_570_1,1,570,840,270
T_1_570_2,1,570,840,270
T_1_570_3,1,570,840,270
T_1_570_4,1,570,840,270
T_1_570_5,1,570,840,270
T_1_585_1,1,585,855,270
T_1_585_2,1,585,855,270
T_1_585_3,1,585,855,270
T_1_585_4,1,585,855,270
T_1_585_5,1,585,855,270
T_1_585_6,1,585,855,270
T_1_585_7,1,585,855,270
T_1_585_8,1,585,855,270
T_1_600_1,1,600,870,270
T_1_600_2,1,600,870,270
T_1_600_3,1,600,870,270
T_1_600_4,1,600,870,270
T_1_600_5,1,600,870,270
T_1_600_6,1,600,870,270
T_1_615_1,1,615,885,270
T_1_615_2,1,615,885,270
T_1_615_3,1,615,885,270
T_1_615_4,1,615,885,270
T_1_615_5,1,615,885,270
T_1_615_6,1,615,885,270
T_1_615_7,1,615,885,270
T_1_615_8,1,615,885,270
T_1_630_1,1,630,900,270
T_1_630_2,1,630,900,270
T_1_630_3,1,630,900,270
T_1_630_4,1,630,900,270
T_1_630_5,1,630,900,270
T_1_630_6,1,630,900,270
T_1_630_7,1,630,900,270
T_1_645_1,1,645,915,270
T_1_645_2,1,645,915,270
T_1_645_3,1,645,915,270
T_1_645_4,1,645,915,270
T_1_645_5,1,645,915,270
T_1_645_6,1,645,915,270
T_1_645_7,1,645,915,270
T_1_660_1,1,660,930,270
T_1_660_2,1,660,930,270
T_1_660_3,1,660,930,270
T_1_660_4,1,660,930,270
T_1_660_5,1,660,930,270
T_1_660_6,1,660,930,270
T_1_660_7,1,660,930,270
T_1_675_1,1,675,945,270
T_1_675_2,1,675,945,270
T_1_675_3,1,675,945,270
T_1_675_4,1,675,945,270
T_1_675_5,1,675,945,270
T_1_675_6,1,675,945,270
T_1_675_7,1,675,945,270
T_1_690_1,1,690,960,270
T_1_690_2,1,690,960,270
T_1_690_3,1,690,960,270
T_1_690_4,1,690,960,270
T_1_690_5,1,690,960,270
T_1_690_6,1,690,960,270
T_1_690_7,1,690,960,270
T_1_705_1,1,705,975,270
T_1_720_1,1,720,990,270
T_1_720_2,1,720,990,270
T_1_720_3,1,720,990,270
T_1_720_4,1,720,990,270
T_1_720_5,1,720,990,270
T_1_720_6,1,720,990,270
T_1_720_7,1,720,990,270
T_1_720_8,1,720,990,270
T_1_720_9,1,720,990,270
T_1_720_10,1,720,990,270
T_1_720_11,1,720,990,270
T_1_735_1,1,735,1005,270
T_1_735_2,1,735,1005,270
T_1_735_3,1,735,1005,270
T_1_735_4,1,735,1005,270
T_1_750_1,1,750,1020,270
T_1_750_2,1,750,1020,270
T_1_750_3,1,750,1020,270
T_1_750_4,1,750,1020,270
T_1_750_5,1,750,1020,270
T_1_750_6,1,750,1020,270
T_1_750_7,1,750,1020,270
T_1_765_1,1,765,1035,270
T_1_765_2,1,765,1035,270
T_1_765_3,1,765,1035,270
T_1_765_4,1,765,1035,270
T_1_780_1,1,780,1050,270
T_1_780_2,1,780,1050,270
T_1_780_3,1,780,1050,270
T_1_780_4,1,780,1050,270
T_1_780_5,1,780,1050,270
T_1_780_6,1,780,1050,270
T_1_780_7,1,780,1050,270
T_1_780_8,1,780,1050,270
T_1_780_9,1,780,1050,270
T_1_795_1,1,795,1065,270
T_1_795_2,1,795,1065,270
T_1_795_3,1,795,1065,270
T_1_795_4,1,795,1065,270
T_1_810_1,1,810,1080,270
T_1_810_2,1,810,1080,270
T_1_810_3,1,810,1080,270
T_1_810_4,1,810,1080,270
T_1_810_5,1,810,1080,270
T_1_810_6,1,810,1080,270
T_1_810_7,1,810,1080,270
T_1_810_8,1,810,1080,270
T_1_810_9,1,810,1080,270
T_1_810_10,1,810,1080,270
T_1_825_1,1,825,1095,270
T_1_825_2,1,825,1095,270
T_1_825_3,1,825,1095,270
T_1_825_4,1,825,1095,270
T_1_825_5,1,825,1095,270
T_1_825_6,1,825,1095,270
T_1_825_7,1,825,1095,270
T_1_825_8,1,825,1095,270
T_1_825_9,1,825,1095,270
T_1_825_10,1,825,1095,270
T_1_840_1,1,840,1110,270
T_1_840_2,1,840,1110,270
T_1_840_3,1,840,1110,270
T_1_840_4,1,840,1110,270
T_1_840_5,1,840,1110,270
T_1_840_6,1,840,1110,270
T_1_840_7,1,840,1110,270
T_1_840_8,1,840,1110,270
T_1_840_9,1,840,1110,270
T_1_840_10,1,840,1110,270
T_1_855_1,1,855,1125,270
T_1_855_2,1,855,1125,270
T_1_855_3,1,855,1125,270
T_1_855_4,1,855,1125,270
T_1_855_5,1,855,1125,270
T_1_855_6,1,855,1125,270
T_1_855_7,1,855,1125,270
T_1_855_8,1,855,1125,270
T_1_855_9,1,855,1125,270
T_1_855_10,1,855,1125,270
T_1_855_11,1,855,1125,270
T_1_870_1,1,870,1140,270
T_1_870_2,1,870,1140,270
T_1_870_3,1,870,1140,270
T_1_870_4,1,870,1140,270
T_1_870_5,1,870,1140,270
T_1_870_6,1,870,1140,270
T_1_870_7,1,870,1140,270
T_1_870_8,1,870,1140,270
T_1_870_9,1,870,1140,270
T_1_870_10,1,870,1140,270
T_1_885_1,1,885,1155,270
T_1_885_2,1,885,1155,270
T_1_885_3,1,885,1155,270
T_1_900_1,1,900,1170,270
T_1_900_2,1,900,1170,270
T_1_900_3,1,900,1170,270
T_1_900_4,1,900,1170,270
T_1_900_5,1,900,1170,270
T_1_900_6,1,900,1170,270
T_1_900_7,1,900,1170,270
T_1_900_8,1,900,1170,270
T_1_900_9,1,900,1170,270
T_1_900_10,1,900,1170,270
T_1_915_1,1,915,1185,270
T_1_915_2,1,915,1185,270
T_1_915_3,1,915,1185,270
T_1_930_1,1,930,1200,270
T_1_930_2,1,930,1200,270
T_1_930_3,1,930,1200,270
T_1_930_4,1,930,1200,270
T_1_930_5,1,930,1200,270
T_1_930_6,1,930,1200,270
T_1_930_7,1,930,1200,270
T_1_930_8,1,930,1200,270
T_1_930_9,1,930,1200,270
T_1_930_10,1,930,1200,270
T_1_945_1,1,945,1215,270
T_1_945_2,1,945,1215,270
T_1_945_3,1,945,1215,270
T_1_945_4,1,945,1215,270
T_1_960_1,1,960,1230,270
T_1_960_2,1,960,1230,270
T_1_960_3,1,960,1230,270
T_1_975_1,1,975,1245,270
T_1_990_1,1,990,1260,270
T_1_1005_1,1,1005,1275,270
T_1_1005_2,1,1005,1275,270
T_1_1005_3,1,1005,1275,270
T_1_1005_4,1,1005,1275,270
T_1_1005_5,1,1005,1275,270
T_1_1005_6,1,1005,1275,270
T_1_1020_1,1,1020,1290,270
T_1_1020_2,1,1020,1290,270
T_1_1020_3,1,1020,1290,270
T_1_1020_4,1,1020,1290,270
T_1_1020_5,1,1020,1290,270
T_1_1020_6,1,1020,1290,270
T_1_1020_7,1,1020,1290,270
T_1_1020_8,1,1020,1290,270
T_1_1020_9,1,1020,1290,270
T_1_1035_1,1,1035,1305,270
T_1_1050_1,1,1050,1320,270
T_1_1050_2,1,1050,1320,270
T_1_1050_3,1,1050,1320,270
T_1_1050_4,1,1050,1320,270
T_1_1050_5,1,1050,1320,270
T_1_1050_6,1,1050,1320,270
T_1_1050_7,1,1050,1320,270
T_1_1050_8,1,1050,1320,270
T_1_1050_9,1,1050,1320,270
T_1_1050_10,1,1050,1320,270
T_1_1050_11,1,1050,1320,270
T_1_1050_12,1,1050,1320,270
T_1_1065_1,1,1065,1335,270
T_1_1065_2,1,1065,1335,270
T_1_1065_3,1,1065,1335,270
T_1_1065_4,1,1065,1335,270
T_1_1065_5,1,1065,1335,270
T_1_1065_6,1,1065,1335,270
T_1_1065_7,1,1065,1335,270
T_1_1065_8,1,1065,1335,270
T_1_1080_1,1,1080,1350,270
T_1_1080_2,1,1080,1350,270
T_1_1080_3,1,1080,1350,270
T_1_1080_4,1,1080,1350,270
T_1_1080_5,1,1080,1350,270
T_1_1080_6,1,1080,1350,270
T_1_1080_7,1,1080,1350,270
T_1_1080_8,1,1080,1350,270
T_1_1080_9,1,1080,1350,270
T_1_1080_10,1,1080,1350,270
T_1_1095_1,1,1095,1365,270
T_1_1095_2,1,1095,1365,270
T_1_1095_3,1,1095,1365,270
T_1_1110_1,1,1110,1380,270
T_1_1110_2,1,1110,1380,270
T_1_1110_3,1,1110,1380,270
T_1_1110_4,1,1110,1380,270
T_1_1110_5,1,1110,1380,270
T_1_1110_6,1,1110,1380,270
T_1_1125_1,1,1125,1395,270
T_1_1125_2,1,1125,1395,270
T_1_1125_3,1,1125,1395,270
T_1_1125_4,1,1125,1395,270
T_1_1125_5,1,1125,1395,270
T_1_1140_1,1,1140,1410,270
T_1_1140_2,1,1140,1410,270
T_1_1140_3,1,1140,1410,270
T_1_1140_4,1,1140,1410,270
T_1_1140_5,1,1140,1410,270
T_1_1155_1,1,1155,1425,270
T_1_1155_2,1,1155,1425,270
T_1_1155_3,1,1155,1425,270
T_1_1155_4,1,1155,1425,270
T_1_1155_5,1,1155,1425,270
T_1_1155_6,1,1155,1425,270
T_1_1170_1,1,1170,1439,269
T_1_1170_2,1,1170,1439,269
T_1_1170_3,1,1170,1439,269
T_1_1170_4,1,1170,1439,269
T_1_1170_5,1,1170,1439,269
T_1_1170_6,1,1170,1439,269
T_1_1170_7,1,1170,1439,269
T_2_210_1,2,210,480,270
T_2_210_2,2,210,480,270
T_2_225_1,2,225,495,270
T_2_225_2,2,225,495,270
T_2_225_3,2,225,495,270
T_2_225_4,2,225,495,270
T_2_240_1,2,240,510,270
T_2_240_2,2,240,510,270
T_2_240_3,2,240,510,270
T_2_240_4,2,240,510,270
T_2_240_5,2,240,510,270
T_2_240_6,2,240,510,270
T_2_240_7,2,240,510,270
T_2_240_8,2,240,510,270
T_2_240_9,2,240,510,270
T_2_240_10,2,240,510,270
T_2_240_11,2,240,510,270
T_2_255_1,2,255,525,270
T_2_255_2,2,255,525,270
T_2_255_3,2,255,525,270
T_2_255_4,2,255,525,270
T_2_270_1,2,270,540,270
T_2_270_2,2,270,540,270
T_2_285_1,2,285,555,270
T_2_285_2,2,285,555,270
T_2_285_3,2,285,555,270
T_2_285_4,2,285,555,270
T_2_300_1,2,300,570,270
T_2_300_2,2,300,570,270
T_2_300_3,2,300,570,270
T_2_300_4,2,300,570,270
T_2_300_5,2,300,570,270
T_2_300_6,2,300,570,270
T_2_315_1,2,315,585,270
T_2_315_2,2,315,585,270
T_2_315_3,2,315,585,270
T_2_315_4,2,315,585,270
T_2_315_5,2,315,585,270
T_2_330_1,2,330,600,270
T_2_330_2,2,330,600,270
T_2_330_3,2,330,600,270
T_2_330_4,2,330,600,270
T_2_330_5,2,330,600,270
T_2_330_6,2,330,600,270
T_2_330_7,2,330,600,270
T_2_330_8,2,330,600,270
T_2_330_9,2,330,600,270
T_2_330_10,2,330,600,270
T_2_345_1,2,345,615,270
T_2_345_2,2,345,615,270
T_2_345_3,2,345,615,270
T_2_345_4,2,345,615,270
T_2_345_5,2,345,615,270
T_2_345_6,2,345,615,270
T_2_345_7,2,345,615,270
T_2_345_8,2,345,615,270
T_2_360_1,2,360,630,270
T_2_360_2,2,360,630,270
T_2_360_3,2,360,630,270
T_2_360_4,2,360,630,270
T_2_360_5,2,360,630,270
T_2_360_6,2,360,630,270
T_2_360_7,2,360,630,270
T_2_360_8,2,360,630,270
T_2_360_9,2,360,630,270
T_2_360_10,2,360,630,270
T_2_375_1,2,375,645,270
T_2_375_2,2,375,645,270
T_2_375_3,2,375,645,270
T_2_375_4,2,375,645,270
T_2_375_5,2,375,645,270
T_2_375_6,2,375,645,270
T_2_375_7,2,375,645,270
T_2_375_8,2,375,645,270
T_2_375_9,2,375,645,270
T_2_375_10,2,375,645,270
T_2_375_11,2,375,645,270
T_2_375_12,2,375,645,270
T_2_375_13,2,375,645,270
T_2_390_1,2,390,660,270
T_2_390_2,2,390,660,270
T_2_390_3,2,390,660,270
T_2_390_4,2,390,660,270
T_2_390_5,2,390,660,270
T_2_390_6,2,390,660,270
T_2_390_7,2,390,660,270
T_2_390_8,2,390,660,270
T_2_390_9,2,390,660,270
T_2_390_10,2,390,660,270
T_2_390_11,2,390,660,270
T_2_390_12,2,390,660,270
T_2_390_13,2,390,660,270
T_2_405_1,2,405,675,270
T_2_405_2,2,405,675,270
T_2_405_3,2,405,675,270
T_2_405_4,2,405,675,270
T_2_405_5,2,405,675,270
T_2_405_6,2,405,675,270
T_2_405_7,2,405,675,270
T_2_405_8,2,405,675,270
T_2_405_9,2,405,675,270
T_2_405_10,2,405,675,270
T_2_405_11,2,405,675,270
T_2_420_1,2,420,690,270
T_2_420_2,2,420,690,270
T_2_420_3,2,420,690,270
T_2_420_4,2,420,690,270
T_2_420_5,2,420,690,270
T_2_420_6,2,420,690,270
T_2_420_7,2,420,690,270
T_2_420_8,2,420,690,270
T_2_420_9,2,420,690,270
T_2_420_10,2,420,690,270
T_2_420_11,2,420,690,270
T_2_420_12,2,420,690,270
T_2_435_1,2,435,705,270
T_2_435_2,2,435,705,270
T_2_435_3,2,435,705,270
T_2_435_4,2,435,705,270
T_2_435_5,2,435,705,270
T_2_435_6,2,435,705,270
T_2_435_7,2,435,705,270
T_2_435_8,2,435,705,270
T_2_450_1,2,450,720,270
T_2_450_2,2,450,720,270
T_2_450_3,2,450,720,270
T_2_450_4,2,450,720,270
T_2_450_5,2,450,720,270
T_2_450_6,2,450,720,270
T_2_450_7,2,450,720,270
T_2_450_8,2,450,720,270
T_2_450_9,2,450,720,270
T_2_450_10,2,450,720,270
T_2_450_11,2,450,720,270
T_2_465_1,2,465,735,270
T_2_465_2,2,465,735,270
T_2_465_3,2,465,735,270
T_2_465_4,2,465,735,270
T_2_465_5,2,465,735,270
T_2_465_6,2,465,735,270
T_2_465_7,2,465,735,270
T_2_480_1,2,480,750,270
T_2_480_2,2,480,750,270
T_2_480_3,2,480,750,270
T_2_480_4,2,480,750,270
T_2_480_5,2,480,750,270
T_2_480_6,2,480,750,270
T_2_495_1,2,495,765,270
T_2_495_2,2,495,765,270
T_2_495_3,2,495,765,270
T_2_495_4,2,495,765,270
T_2_495_5,2,495,765,270
T_2_495_6,2,495,765,270
T_2_510_1,2,510,780,270
T_2_510_2,2,510,780,270
T_2_510_3,2,510,780,270
T_2_525_1,2,525,795,270
T_2_525_2,2,525,795,270
T_2_525_3,2,525,795,270
T_2_525_4,2,525,795,270
T_2_525_5,2,525,795,270
T_2_540_1,2,540,810,270
T_2_540_2,2,540,810,270
T_2_540_3,2,540,810,270
T_2_555_1,2,555,825,270
T_2_555_2,2,555,825,270
T_2_555_3,2,555,825,270
T_2_555_4,2,555,825,270
T_2_555_5,2,555,825,270
T_2_555_6,2,555,825,270
T_2_555_7,2,555,825,270
T_2_555_8,2,555,825,270
T_2_570_1,2,570,840,270
T_2_570_2,2,570,840,270
T_2_570_3,2,570,840,270
T_2_570_4,2,570,840,270
T_2_570_5,2,570,840,270
T_2_570_6,2,570,840,270
T_2_570_7,2,570,840,270
T_2_570_8,2,570,840,270
T_2_585_1,2,585,855,270
T_2_585_2,2,585,855,270
T_2_585_3,2,585,855,270
T_2_585_4,2,585,855,270
T_2_585_5,2,585,855,270
T_2_585_6,2,585,855,270
T_2_585_7,2,585,855,270
T_2_585_8,2,585,855,270
T_2_585_9,2,585,855,270
T_2_585_10,2,585,855,270
T_2_600_1,2,600,870,270
T_2_600_2,2,600,870,270
T_2_600_3,2,600,870,270
T_2_600_4,2,600,870,270
T_2_600_5,2,600,870,270
T_2_600_6,2,600,870,270
T_2_600_7,2,600,870,270
T_2_600_8,2,600,870,270
T_2_600_9,2,600,870,270
T_2_615_1,2,615,885,270
T_2_615_2,2,615,885,270
T_2_615_3,2,615,885,270
T_2_615_4,2,615,885,270
T_2_615_5,2,615,885,270
T_2_615_6,2,615,885,270
T_2_615_7,2,615,885,270
T_2_615_8,2,615,885,270
T_2_615_9,2,615,885,270
T_2_615_10,2,615,885,270
T_2_630_1,2,630,900,270
T_2_630_2,2,630,900,270
T_2_630_3,2,630,900,270
T_2_630_4,2,630,900,270
T_2_630_5,2,630,900,270
T_2_630_6,2,630,900,270
T_2_630_7,2,630,900,270
T_2_630_8,2,630,900,270
T_2_630_9,2,630,900,270
T_2_630_10,2,630,900,270
T_2_630_11,2,630,900,270
T_2_630_12,2,630,900,270
T_2_630_13,2,630,900,270
T_2_630_14,2,630,900,270
T_2_630_15,2,630,900,270
T_2_645_1,2,645,915,270
T_2_645_2,2,645,915,270
T_2_645_3,2,645,915,270
T_2_645_4,2,645,915,270
T_2_645_5,2,645,915,270
T_2_645_6,2,645,915,270
T_2_645_7,2,645,915,270
T_2_645_8,2,645,915,270
T_2_645_9,2,645,915,270
T_2_645_10,2,645,915,270
T_2_645_11,2,645,915,270
T_2_660_1,2,660,930,270
T_2_660_2,2,660,930,270
T_2_660_3,2,660,930,270
T_2_660_4,2,660,930,270
T_2_660_5,2,660,930,270
T_2_660_6,2,660,930,270
T_2_660_7,2,660,930,270
T_2_660_8,2,660,930,270
T_2_660_9,2,660,930,270
T_2_675_1,2,675,945,270
T_2_675_2,2,675,945,270
T_2_675_3,2,675,945,270
T_2_675_4,2,675,945,270
T_2_675_5,2,675,945,270
T_2_675_6,2,675,945,270
T_2_675_7,2,675,945,270
T_2_675_8,2,675,945,270
T_2_675_9,2,675,945,270
T_2_675_10,2,675,945,270
T_2_675_11,2,675,945,270
T_2_675_12,2,675,945,270
T_2_690_1,2,690,960,270
T_2_690_2,2,690,960,270
T_2_690_3,2,690,960,270
T_2_690_4,2,690,960,270
T_2_690_5,2,690,960,270
T_2_690_6,2,690,960,270
T_2_690_7,2,690,960,270
T_2_690_8,2,690,960,270
T_2_690_9,2,690,960,270
T_2_690_10,2,690,960,270
T_4_270_1,4,270,540,270
T_4_270_2,4,270,540,270
T_4_270_3,4,270,540,270
T_4_270_4,4,270,540,270
T_4_270_5,4,270,540,270
T_4_270_6,4,270,540,270
T_4_270_7,4,270,540,270
T_4_270_8,4,270,540,270
T_4_270_9,4,270,540,270
T_4_270_10,4,270,540,270
T_4_285_1,4,285,555,270
T_4_285_2,4,285,555,270
T_4_285_3,4,285,555,270
T_4_285_4,4,285,555,270
T_4_285_5,4,285,555,270
T_4_300_1,4,300,570,270
T_4_300_2,4,300,570,270
T_4_300_3,4,300,570,270
T_4_300_4,4,300,570,270
T_4_300_5,4,300,570,270
T_4_315_1,4,315,585,270
T_4_315_2,4,315,585,270
T_4_315_3,4,315,585,270
T_4_315_4,4,315,585,270
T_4_330_1,4,330,600,270
T_4_330_2,4,330,600,270
T_4_345_1,4,345,615,270
T_4_345_2,4,345,615,270
T_4_345_3,4,345,615,270
T_4_345_4,4,345,615,270
T_4_345_5,4,345,615,270
T_4_345_6,4,345,615,270
T_4_345_7,4,345,615,270
T_4_345_8,4,345,615,270
T_4_345_9,4,345,615,270
T_4_345_10,4,345,615,270
T_4_345_11,4,345,615,270
T_4_360_1,4,360,630,270
T_4_360_2,4,360,630,270
T_4_360_3,4,360,630,270
T_4_360_4,4,360,630,270
T_4_360_5,4,360,630,270
T_4_360_6,4,360,630,270
T_4_360_7,4,360,630,270
T_4_360_8,4,360,630,270
T_4_360_9,4,360,630,270
T_4_360_10,4,360,630,270
T_4_360_11,4,360,630,270
T_4_360_12,4,360,630,270
T_4_360_13,4,360,630,270
T_4_360_14,4,360,630,270
T_4_375_1,4,375,645,270
T_4_375_2,4,375,645,270
T_4_375_3,4,375,645,270
T_4_375_4,4,375,645,270
T_4_375_5,4,375,645,270
T_4_375_6,4,375,645,270
T_4_375_7,4,375,645,270
T_4_390_1,4,390,660,270
T_4_390_2,4,390,660,270
T_4_390_3,4,390,660,270
T_4_390_4,4,390,660,270
T_4_390_5,4,390,660,270
T_4_390_6,4,390,660,270
T_4_390_7,4,390,660,270
T_4_390_8,4,390,660,270
T_4_390_9,4,390,660,270
T_4_390_10,4,390,660,270
T_4_390_11,4,390,660,270
T_4_405_1,4,405,675,270
T_4_405_2,4,405,675,270
T_4_405_3,4,405,675,270
T_4_405_4,4,405,675,270
T_4_405_5,4,405,675,270
T_4_405_6,4,405,675,270
T_4_405_7,4,405,675,270
T_4_405_8,4,405,675,270
T_4_405_9,4,405,675,270
T_4_405_10,4,405,675,270
T_4_405_11,4,405,675,270
T_4_420_1,4,420,690,270
T_4_420_2,4,420,690,270
T_4_420_3,4,420,690,270
T_4_420_4,4,420,690,270
T_4_420_5,4,420,690,270
T_4_420_6,4,420,690,270
T_4_420_7,4,420,690,270
T_4_420_8,4,420,690,270
T_4_420_9,4,420,690,270
T_4_420_10,4,420,690,270
T_4_420_11,4,420,690,270
T_4_435_1,4,435,705,270
T_4_435_2,4,435,705,270
T_4_450_1,4,450,720,270
T_4_450_2,4,450,720,270
T_4_450_3,4,450,720,270
T_4_450_4,4,450,720,270
T_4_450_5,4,450,720,270
T_4_450_6,4,450,720,270
T_4_450_7,4,450,720,270
T_4_465_1,4,465,735,270
T_4_480_1,4,480,750,270
T_4_480_2,4,480,750,270
T_4_480_3,4,480,750,270
T_4_495_1,4,495,765,270
T_4_495_2,4,495,765,270
T_4_495_3,4,495,765,270
T_4_495_4,4,495,765,270
T_4_510_1,4,510,780,270
T_4_510_2,4,510,780,270
T_4_510_3,4,510,780,270
T_4_525_1,4,525,795,270
T_4_525_2,4,525,795,270
T_4_525_3,4,525,795,270
T_4_525_4,4,525,795,270
T_4_525_5,4,525,795,270
T_4_525_6,4,525,795,270
T_4_525_7,4,525,795,270
T_4_525_8,4,525,795,270
T_4_540_1,4,540,810,270
T_4_540_2,4,540,810,270
T_4_540_3,4,540,810,270
T_4_540_4,4,540,810,270
T_4_540_5,4,540,810,270
T_4_540_6,4,540,810,270
T_4_540_7,4,540,810,270
T_4_555_1,4,555,825,270
T_4_555_2,4,555,825,270
T_4_555_3,4,555,825,270
T_4_555_4,4,555,825,270
T_4_555_5,4,555,825,270
T_4_555_6,4,555,825,270
T_4_555_7,4,555,825,270
T_4_570_1,4,570,840,270
T_4_570_2,4,570,840,270
T_4_585_1,4,585,855,270
T_4_585_2,4,585,855,270
T_4_585_3,4,585,855,270
T_4_585_4,4,585,855,270
T_4_585_5,4,585,855,270
T_4_600_1,4,600,870,270
T_4_615_1,4,615,885,270
T_4_615_2,4,615,885,270
T_4_615_3,4,615,885,270
T_4_615_4,4,615,885,270
T_4_615_5,4,615,885,270
T_4_615_6,4,615,885,270
T_4_615_7,4,615,885,270
T_4_630_1,4,630,900,270
T_4_630_2,4,630,900,270
T_4_630_3,4,630,900,270
T_4_645_1,4,645,915,270
T_4_645_2,4,645,915,270
T_4_645_3,4,645,915,270
T_4_645_4,4,645,915,270
T_4_645_5,4,645,915,270
T_4_645_6,4,645,915,270
T_4_660_1,4,660,930,270
T_4_660_2,4,660,930,270
T_4_660_3,4,660,930,270
T_4_675_1,4,675,945,270
T_4_675_2,4,675,945,270
T_4_675_3,4,675,945,270
T_4_675_4,4,675,945,270
T_4_675_5,4,675,945,270
T_4_690_1,4,690,960,270
T_4_690_2,4,690,960,270
T_4_690_3,4,690,960,270
T_4_705_1,4,705,975,270
T_4_705_2,4,705,975,270
T_4_705_3,4,705,975,270
T_4_720_1,4,720,990,270
T_4_720_2,4,720,990,270
T_4_720_3,4,720,990,270
T_4_735_1,4,735,1005,270
T_4_735_2,4,735,1005,270
T_4_735_3,4,735,1005,270
T_4_735_4,4,735,1005,270
T_4_735_5,4,735,1005,270
T_4_735_6,4,735,1005,270
T_4_735_7,4,735,1005,270
T_4_750_1,4,750,1020,270
T_4_750_2,4,750,1020,270
T_4_750_3,4,750,1020,270
T_4_750_4,4,750,1020,270
T_4_750_5,4,750,1020,270
T_4_750_6,4,750,1020,270
T_4_750_7,4,750,1020,270
T_4_765_1,4,765,1035,270
T_4_765_2,4,765,1035,270
T_4_765_3,4,765,1035,270
T_4_765_4,4,765,1035,270
T_4_765_5,4,765,1035,270
T_4_780_1,4,780,1050,270
T_4_780_2,4,780,1050,270
T_4_780_3,4,780,1050,270
T_4_780_4,4,780,1050,270
T_4_795_1,4,795,1065,270
T_4_795_2,4,795,1065,270
T_4_795_3,4,795,1065,270
T_4_810_1,4,810,1080,270
T_4_810_2,4,810,1080,270
T_4_810_3,4,810,1080,270
T_4_810_4,4,810,1080,270
T_4_810_5,4,810,1080,270
T_4_810_6,4,810,1080,270
T_4_825_1,4,825,1095,270
T_4_825_2,4,825,1095,270
T_4_825_3,4,825,1095,270
T_4_840_1,4,840,1110,270
T_4_840_2,4,840,1110,270
T_4_840_3,4,840,1110,270
T_4_840_4,4,840,1110,270
T_4_840_5,4,840,1110,270
T_4_855_1,4,855,1125,270
T_4_855_2,4,855,1125,270
T_4_855_3,4,855,1125,270
T_4_855_4,4,855,1125,270
T_4_855_5,4,855,1125,270
T_4_855_6,4,855,1125,270
T_4_855_7,4,855,1125,270
T_4_870_1,4,870,1140,270
T_4_870_2,4,870,1140,270
T_4_885_1,4,885,1155,270
T_4_885_2,4,885,1155,270
T_4_885_3,4,885,1155,270
T_4_885_4,4,885,1155,270
T_4_885_5,4,885,1155,270
T_4_885_6,4,885,1155,270
T_4_885_7,4,885,1155,270
T_4_900_1,4,900,1170,270
T_4_900_2,4,900,1170,270
T_4_900_3,4,900,1170,270
T_4_900_4,4,900,1170,270
T_4_900_5,4,900,1170,270
T_4_900_6,4,900,1170,270
T_4_900_7,4,900,1170,270
T_4_915_1,4,915,1185,270
T_4_915_2,4,915,1185,270
T_4_915_3,4,915,1185,270
T_4_915_4,4,915,1185,270
T_4_915_5,4,915,1185,270
T_4_915_6,4,915,1185,270
T_4_930_1,4,930,1200,270
T_4_930_2,4,930,1200,270
T_4_945_1,4,945,1215,270
T_4_945_2,4,945,1215,270
T_4_945_3,4,945,1215,270
T_4_945_4,4,945,1215,270
T_4_945_5,4,945,1215,270
T_4_945_6,4,945,1215,270
T_4_945_7,4,945,1215,270
T_4_945_8,4,945,1215,270
T_4_945_9,4,945,1215,270
T_4_945_10,4,945,1215,270
T_4_945_11,4,945,1215,270
T_4_945_12,4,945,1215,270
T_4_945_13,4,945,1215,270
T_4_945_14,4,945,1215,270
T_4_945_15,4,945,1215,270
T_4_960_1,4,960,1230,270
T_4_960_2,4,960,1230,270
T_4_960_3,4,960,1230,270
T_4_960_4,4,960,1230,270
T_4_960_5,4,960,1230,270
T_4_960_6,4,960,1230,270
T_4_960_7,4,960,1230,270
T_4_975_1,4,975,1245,270
T_4_975_2,4,975,1245,270
T_4_975_3,4,975,1245,270
T_4_975_4,4,975,1245,270
T_4_975_5,4,975,1245,270
T_4_975_6,4,975,1245,270
T_4_990_1,4,990,1260,270
T_4_990_2,4,990,1260,270
T_4_990_3,4,990,1260,270
T_4_990_4,4,990,1260,270
T_4_1005_1,4,1005,1275,270
T_4_1005_2,4,1005,1275,270
T_4_1020_1,4,1020,1290,270
T_4_1020_2,4,1020,1290,270
T_4_1020_3,4,1020,1290,270
T_4_1035_1,4,1035,1305,270
T_4_1035_2,4,1035,1305,270
T_4_1050_1,4,1050,1320,270
T_4_1050_2,4,1050,1320,270
T_4_1050_3,4,1050,1320,270
T_4_1050_4,4,1050,1320,270
T_4_1050_5,4,1050,1320,270
T_4_1050_6,4,1050,1320,270
T_4_1050_7,4,1050,1320,270
T_4_1065_1,4,1065,1335,270
T_4_1065_2,4,1065,1335,270
T_4_1065_3,4,1065,1335,270
T_4_1065_4,4,1065,1335,270
T_4_1080_1,4,1080,1350,270
T_4_1080_2,4,1080,1350,270
T_4_1080_3,4,1080,1350,270
T_4_1080_4,4,1080,1350,270
T_4_1080_5,4,1080,1350,270
T_4_1080_6,4,1080,1350,270
T_4_1080_7,4,1080,1350,270
T_4_1095_1,4,1095,1365,270
T_4_1095_2,4,1095,1365,270
T_4_1095_3,4,1095,1365,270
T_4_1095_4,4,1095,1365,270
T_4_1110_1,4,1110,1380,270
T_4_1110_2,4,1110,1380,270
T_4_1110_3,4,1110,1380,270
T_4_1110_4,4,1110,1380,270
T_4_1110_5,4,1110,1380,270
T_4_1110_6,4,1110,1380,270
T_4_1110_7,4,1110,1380,270
T_4_1110_8,4,1110,1380,270
T_4_1125_1,4,1125,1395,270
T_4_1125_2,4,1125,1395,270
T_4_1140_1,4,1140,1410,270
T_4_1140_2,4,1140,1410,270
T_4_1155_1,4,1155,1425,270
T_4_1155_2,4,1155,1425,270
T_4_1170_1,4,1170,1439,269
T_4_1170_2,4,1170,1439,269
